model,location,initial_depth,shoe_ID,side,final_depth,final_initial,model_desc,model_name,ge_27_abrasion_volume,cm3,density,specific_gravity,shoe_sa_cm2,sa_error,tread_mass
ADIDAS ASTRARUN (60A),BALL,1.67,L31,L,1.4766666666666666,-0.19333333333333336,ADIDAS ASTRARUN (60A),ADIDAS ASTRARUN (60A),NA,0.0546715,1.1,1.12,74.59,(+/- 0.00051),-1.6151221333333339
ADIDAS ASTRARUN (60A),BALL,1.67,L47,L,1.73,0.06000000000000005,ADIDAS ASTRARUN (60A),ADIDAS ASTRARUN (60A),NA,0.0546715,1.1,1.12,74.59,(+/- 0.00051),0.5012448000000005
ADIDAS ASTRARUN (60A),BALL,1.67,L48,L,0.6166666666666667,-1.0533333333333332,ADIDAS ASTRARUN (60A),ADIDAS ASTRARUN (60A),NA,0.0546715,1.1,1.12,74.59,(+/- 0.00051),-8.799630933333335
ADIDAS ASTRARUN (60A),BALL,1.67,L49,L,0.46,-1.21,ADIDAS ASTRARUN (60A),ADIDAS ASTRARUN (60A),NA,0.0546715,1.1,1.12,74.59,(+/- 0.00051),-10.1084368
ADIDAS ASTRARUN (60A),BALL,1.67,L50,L,0,-1.67,ADIDAS ASTRARUN (60A),ADIDAS ASTRARUN (60A),NA,0.0546715,1.1,1.12,74.59,(+/- 0.00051),-13.951313600000004
ADIDAS ASTRARUN (60A),BALL,1.67,R31,R,1.62,-0.04999999999999982,ADIDAS ASTRARUN (60A),ADIDAS ASTRARUN (60A),NA,0.0546715,1.1,1.12,74.59,(+/- 0.00051),-0.4177039999999986
ADIDAS ASTRARUN (60A),BALL,1.67,R47,R,1.86,0.19000000000000017,ADIDAS ASTRARUN (60A),ADIDAS ASTRARUN (60A),NA,0.0546715,1.1,1.12,74.59,(+/- 0.00051),1.5872752000000017
ADIDAS ASTRARUN (60A),BALL,1.67,R48,R,1.0933333333333333,-0.5766666666666667,ADIDAS ASTRARUN (60A),ADIDAS ASTRARUN (60A),NA,0.0546715,1.1,1.12,74.59,(+/- 0.00051),-4.817519466666668
ADIDAS ASTRARUN (60A),BALL,1.67,R49,R,0.8366666666666667,-0.8333333333333333,ADIDAS ASTRARUN (60A),ADIDAS ASTRARUN (60A),NA,0.0546715,1.1,1.12,74.59,(+/- 0.00051),-6.961733333333334
ADIDAS ASTRARUN (60A),BALL,1.67,R50,R,0,-1.67,ADIDAS ASTRARUN (60A),ADIDAS ASTRARUN (60A),NA,0.0546715,1.1,1.12,74.59,(+/- 0.00051),-13.951313600000004
ADIDAS ASTRARUN (60A),HEEL,1.9266666666666667,L31,L,1.66,-0.26666666666666683,ADIDAS ASTRARUN (60A),ADIDAS ASTRARUN (60A),NA,0.0546715,1.1,1.12,74.59,(+/- 0.00051),-2.2277546666666685
ADIDAS ASTRARUN (60A),HEEL,1.9266666666666667,L47,L,2.013333333333333,0.08666666666666645,ADIDAS ASTRARUN (60A),ADIDAS ASTRARUN (60A),NA,0.0546715,1.1,1.12,74.59,(+/- 0.00051),0.724020266666665
ADIDAS ASTRARUN (60A),HEEL,1.9266666666666667,L48,L,1.6,-0.32666666666666666,ADIDAS ASTRARUN (60A),ADIDAS ASTRARUN (60A),NA,0.0546715,1.1,1.12,74.59,(+/- 0.00051),-2.7289994666666675
ADIDAS ASTRARUN (60A),HEEL,1.9266666666666667,L49,L,1.64,-0.28666666666666685,ADIDAS ASTRARUN (60A),ADIDAS ASTRARUN (60A),NA,0.0546715,1.1,1.12,74.59,(+/- 0.00051),-2.394836266666669
ADIDAS ASTRARUN (60A),HEEL,1.9266666666666667,L50,L,1.4133333333333333,-0.5133333333333334,ADIDAS ASTRARUN (60A),ADIDAS ASTRARUN (60A),NA,0.0546715,1.1,1.12,74.59,(+/- 0.00051),-4.288427733333335
ADIDAS ASTRARUN (60A),HEEL,1.9266666666666667,R31,R,1.73,-0.19666666666666677,ADIDAS ASTRARUN (60A),ADIDAS ASTRARUN (60A),NA,0.0546715,1.1,1.12,74.59,(+/- 0.00051),-1.642969066666668
ADIDAS ASTRARUN (60A),HEEL,1.9266666666666667,R47,R,1.9233333333333333,-0.0033333333333334103,ADIDAS ASTRARUN (60A),ADIDAS ASTRARUN (60A),NA,0.0546715,1.1,1.12,74.59,(+/- 0.00051),-0.027846933333333986
ADIDAS ASTRARUN (60A),HEEL,1.9266666666666667,R48,R,1.3666666666666667,-0.56,ADIDAS ASTRARUN (60A),ADIDAS ASTRARUN (60A),NA,0.0546715,1.1,1.12,74.59,(+/- 0.00051),-4.678284800000001
ADIDAS ASTRARUN (60A),HEEL,1.9266666666666667,R49,R,1.2966666666666666,-0.6300000000000001,ADIDAS ASTRARUN (60A),ADIDAS ASTRARUN (60A),NA,0.0546715,1.1,1.12,74.59,(+/- 0.00051),-5.263070400000002
ADIDAS ASTRARUN (60A),HEEL,1.9266666666666667,R50,R,0.7366666666666667,-1.19,ADIDAS ASTRARUN (60A),ADIDAS ASTRARUN (60A),NA,0.0546715,1.1,1.12,74.59,(+/- 0.00051),-9.9413552
ADIDAS ASTRARUN (60A),OUTER_ARCH,1.7616666666666667,L31,L,1.6366666666666667,-0.125,ADIDAS ASTRARUN (60A),ADIDAS ASTRARUN (60A),NA,0.0546715,1.1,1.12,74.59,(+/- 0.00051),-1.0442600000000002
ADIDAS ASTRARUN (60A),OUTER_ARCH,1.7616666666666667,L47,L,1.9233333333333333,0.16166666666666663,ADIDAS ASTRARUN (60A),ADIDAS ASTRARUN (60A),NA,0.0546715,1.1,1.12,74.59,(+/- 0.00051),1.3505762666666665
ADIDAS ASTRARUN (60A),OUTER_ARCH,1.7616666666666667,L48,L,1.7466666666666666,-0.015000000000000124,ADIDAS ASTRARUN (60A),ADIDAS ASTRARUN (60A),NA,0.0546715,1.1,1.12,74.59,(+/- 0.00051),-0.12531120000000107
ADIDAS ASTRARUN (60A),OUTER_ARCH,1.7616666666666667,L49,L,1.56,-0.20166666666666666,ADIDAS ASTRARUN (60A),ADIDAS ASTRARUN (60A),NA,0.0546715,1.1,1.12,74.59,(+/- 0.00051),-1.6847394666666669
ADIDAS ASTRARUN (60A),OUTER_ARCH,1.7616666666666667,L50,L,1.48,-0.28166666666666673,ADIDAS ASTRARUN (60A),ADIDAS ASTRARUN (60A),NA,0.0546715,1.1,1.12,74.59,(+/- 0.00051),-2.3530658666666673
ADIDAS ASTRARUN (60A),OUTER_ARCH,1.7616666666666667,R31,R,1.7266666666666666,-0.03500000000000014,ADIDAS ASTRARUN (60A),ADIDAS ASTRARUN (60A),NA,0.0546715,1.1,1.12,74.59,(+/- 0.00051),-0.29239280000000123
ADIDAS ASTRARUN (60A),OUTER_ARCH,1.7616666666666667,R47,R,1.89,0.1283333333333332,ADIDAS ASTRARUN (60A),ADIDAS ASTRARUN (60A),NA,0.0546715,1.1,1.12,74.59,(+/- 0.00051),1.0721069333333324
ADIDAS ASTRARUN (60A),OUTER_ARCH,1.7616666666666667,R48,R,1.6033333333333335,-0.15833333333333321,ADIDAS ASTRARUN (60A),ADIDAS ASTRARUN (60A),NA,0.0546715,1.1,1.12,74.59,(+/- 0.00051),-1.3227293333333323
ADIDAS ASTRARUN (60A),OUTER_ARCH,1.7616666666666667,R49,R,1.5333333333333334,-0.22833333333333328,ADIDAS ASTRARUN (60A),ADIDAS ASTRARUN (60A),NA,0.0546715,1.1,1.12,74.59,(+/- 0.00051),-1.9075149333333334
ADIDAS ASTRARUN (60A),OUTER_ARCH,1.7616666666666667,R50,R,1.0533333333333335,-0.7083333333333333,ADIDAS ASTRARUN (60A),ADIDAS ASTRARUN (60A),NA,0.0546715,1.1,1.12,74.59,(+/- 0.00051),-5.917473333333334
ADIDAS ASTRARUN (60A),TIP,1.885,L31,L,1.96,0.07499999999999996,ADIDAS ASTRARUN (60A),ADIDAS ASTRARUN (60A),NA,0.0546715,1.1,1.12,74.59,(+/- 0.00051),0.6265559999999998
ADIDAS ASTRARUN (60A),TIP,1.885,L47,L,1.7866666666666666,-0.09833333333333338,ADIDAS ASTRARUN (60A),ADIDAS ASTRARUN (60A),NA,0.0546715,1.1,1.12,74.59,(+/- 0.00051),-0.821484533333334
ADIDAS ASTRARUN (60A),TIP,1.885,L48,L,0.8633333333333334,-1.0216666666666665,ADIDAS ASTRARUN (60A),ADIDAS ASTRARUN (60A),NA,0.0546715,1.1,1.12,74.59,(+/- 0.00051),-8.535085066666667
ADIDAS ASTRARUN (60A),TIP,1.885,L49,L,1.03,-0.855,ADIDAS ASTRARUN (60A),ADIDAS ASTRARUN (60A),NA,0.0546715,1.1,1.12,74.59,(+/- 0.00051),-7.142738400000002
ADIDAS ASTRARUN (60A),TIP,1.885,L50,L,0.31,-1.575,ADIDAS ASTRARUN (60A),ADIDAS ASTRARUN (60A),NA,0.0546715,1.1,1.12,74.59,(+/- 0.00051),-13.157676000000002
ADIDAS ASTRARUN (60A),TIP,1.885,R31,R,1.98,0.09499999999999997,ADIDAS ASTRARUN (60A),ADIDAS ASTRARUN (60A),NA,0.0546715,1.1,1.12,74.59,(+/- 0.00051),0.7936375999999999
ADIDAS ASTRARUN (60A),TIP,1.885,R47,R,2.106666666666667,0.2216666666666669,ADIDAS ASTRARUN (60A),ADIDAS ASTRARUN (60A),NA,0.0546715,1.1,1.12,74.59,(+/- 0.00051),1.851821066666669
ADIDAS ASTRARUN (60A),TIP,1.885,R48,R,1.2366666666666666,-0.6483333333333334,ADIDAS ASTRARUN (60A),ADIDAS ASTRARUN (60A),NA,0.0546715,1.1,1.12,74.59,(+/- 0.00051),-5.416228533333335
ADIDAS ASTRARUN (60A),TIP,1.885,R49,R,1.9533333333333334,0.06833333333333336,ADIDAS ASTRARUN (60A),ADIDAS ASTRARUN (60A),NA,0.0546715,1.1,1.12,74.59,(+/- 0.00051),0.5708621333333337
ADIDAS ASTRARUN (60A),TIP,1.885,R50,R,0.48666666666666664,-1.3983333333333334,ADIDAS ASTRARUN (60A),ADIDAS ASTRARUN (60A),NA,0.0546715,1.1,1.12,74.59,(+/- 0.00051),-11.681788533333336
ADIDAS F/22 PRIME KNIT,BALL,1.4816666666666667,L06,L,1.29,-0.19166666666666665,F/22 PK,ADIDAS F/22 PRIME KNIT,140,0.14,1.1,1.2,49.8,NA,-1.1453999999999998
ADIDAS F/22 PRIME KNIT,BALL,1.4816666666666667,L09,L,1.44,-0.04166666666666674,F/22 PK,ADIDAS F/22 PRIME KNIT,140,0.14,1.1,1.2,49.8,NA,-0.24900000000000042
ADIDAS F/22 PRIME KNIT,BALL,1.4816666666666667,L10,L,1.315,-0.16666666666666674,F/22 PK,ADIDAS F/22 PRIME KNIT,140,0.14,1.1,1.2,49.8,NA,-0.9960000000000003
ADIDAS F/22 PRIME KNIT,BALL,1.4816666666666667,R06,R,1.2866666666666666,-0.19500000000000006,F/22 PK,ADIDAS F/22 PRIME KNIT,140,0.14,1.1,1.2,49.8,NA,-1.1653200000000004
ADIDAS F/22 PRIME KNIT,BALL,1.4816666666666667,R08,R,1.3033333333333335,-0.17833333333333323,F/22 PK,ADIDAS F/22 PRIME KNIT,140,0.14,1.1,1.2,49.8,NA,-1.0657199999999991
ADIDAS F/22 PRIME KNIT,BALL,1.4816666666666667,R09,R,1.5933333333333335,0.1116666666666668,F/22 PK,ADIDAS F/22 PRIME KNIT,140,0.14,1.1,1.2,49.8,NA,0.6673200000000008
ADIDAS F/22 PRIME KNIT,BALL,1.4816666666666667,R10,R,1.4866666666666666,0.004999999999999893,F/22 PK,ADIDAS F/22 PRIME KNIT,140,0.14,1.1,1.2,49.8,NA,0.029879999999999365
ADIDAS F/22 PRIME KNIT,HEEL,1.3166666666666667,L06,L,1.2466666666666666,-0.07000000000000006,F/22 PK,ADIDAS F/22 PRIME KNIT,140,0.14,1.1,1.2,49.8,NA,-0.4183200000000003
ADIDAS F/22 PRIME KNIT,HEEL,1.3166666666666667,L09,L,1.3933333333333333,0.07666666666666666,F/22 PK,ADIDAS F/22 PRIME KNIT,140,0.14,1.1,1.2,49.8,NA,0.45815999999999996
ADIDAS F/22 PRIME KNIT,HEEL,1.3166666666666667,L10,L,1.2133333333333334,-0.10333333333333328,F/22 PK,ADIDAS F/22 PRIME KNIT,140,0.14,1.1,1.2,49.8,NA,-0.6175199999999996
ADIDAS F/22 PRIME KNIT,HEEL,1.3166666666666667,R06,R,1.2633333333333334,-0.05333333333333323,F/22 PK,ADIDAS F/22 PRIME KNIT,140,0.14,1.1,1.2,49.8,NA,-0.3187199999999994
ADIDAS F/22 PRIME KNIT,HEEL,1.3166666666666667,R08,R,1.1966666666666665,-0.1200000000000001,F/22 PK,ADIDAS F/22 PRIME KNIT,140,0.14,1.1,1.2,49.8,NA,-0.7171200000000005
ADIDAS F/22 PRIME KNIT,HEEL,1.3166666666666667,R09,R,1.32,0.0033333333333334103,F/22 PK,ADIDAS F/22 PRIME KNIT,140,0.14,1.1,1.2,49.8,NA,0.01992000000000046
ADIDAS F/22 PRIME KNIT,HEEL,1.3166666666666667,R10,R,1.1666666666666665,-0.15000000000000013,F/22 PK,ADIDAS F/22 PRIME KNIT,140,0.14,1.1,1.2,49.8,NA,-0.8964000000000008
ADIDAS F/22 PRIME KNIT,OUTER_ARCH,1.355,L06,L,1.48,0.125,F/22 PK,ADIDAS F/22 PRIME KNIT,140,0.14,1.1,1.2,49.8,NA,0.7469999999999999
ADIDAS F/22 PRIME KNIT,OUTER_ARCH,1.355,L09,L,1.3833333333333333,0.02833333333333332,F/22 PK,ADIDAS F/22 PRIME KNIT,140,0.14,1.1,1.2,49.8,NA,0.16931999999999992
ADIDAS F/22 PRIME KNIT,OUTER_ARCH,1.355,L10,L,1.3983333333333334,0.043333333333333446,F/22 PK,ADIDAS F/22 PRIME KNIT,140,0.14,1.1,1.2,49.8,NA,0.25896000000000063
ADIDAS F/22 PRIME KNIT,OUTER_ARCH,1.355,R06,R,1.47,0.11499999999999999,F/22 PK,ADIDAS F/22 PRIME KNIT,140,0.14,1.1,1.2,49.8,NA,0.68724
ADIDAS F/22 PRIME KNIT,OUTER_ARCH,1.355,R08,R,1.2333333333333334,-0.12166666666666659,F/22 PK,ADIDAS F/22 PRIME KNIT,140,0.14,1.1,1.2,49.8,NA,-0.7270799999999994
ADIDAS F/22 PRIME KNIT,OUTER_ARCH,1.355,R09,R,1.0933333333333333,-0.2616666666666667,F/22 PK,ADIDAS F/22 PRIME KNIT,140,0.14,1.1,1.2,49.8,NA,-1.5637200000000002
ADIDAS F/22 PRIME KNIT,OUTER_ARCH,1.355,R10,R,1.1233333333333333,-0.2316666666666667,F/22 PK,ADIDAS F/22 PRIME KNIT,140,0.14,1.1,1.2,49.8,NA,-1.3844400000000001
ADIDAS F/22 PRIME KNIT,TIP,1.1466666666666665,L06,L,1.02,-0.12666666666666648,F/22 PK,ADIDAS F/22 PRIME KNIT,140,0.14,1.1,1.2,49.8,NA,-0.7569599999999989
ADIDAS F/22 PRIME KNIT,TIP,1.1466666666666665,L09,L,1.11,-0.0366666666666664,F/22 PK,ADIDAS F/22 PRIME KNIT,140,0.14,1.1,1.2,49.8,NA,-0.2191199999999984
ADIDAS F/22 PRIME KNIT,TIP,1.1466666666666665,L10,L,1.1933333333333334,0.046666666666666856,F/22 PK,ADIDAS F/22 PRIME KNIT,140,0.14,1.1,1.2,49.8,NA,0.2788800000000011
ADIDAS F/22 PRIME KNIT,TIP,1.1466666666666665,R06,R,1.0966666666666667,-0.04999999999999982,F/22 PK,ADIDAS F/22 PRIME KNIT,140,0.14,1.1,1.2,49.8,NA,-0.29879999999999896
ADIDAS F/22 PRIME KNIT,TIP,1.1466666666666665,R08,R,1.1266666666666667,-0.019999999999999796,F/22 PK,ADIDAS F/22 PRIME KNIT,140,0.14,1.1,1.2,49.8,NA,-0.11951999999999878
ADIDAS F/22 PRIME KNIT,TIP,1.1466666666666665,R09,R,1.3133333333333335,0.16666666666666696,F/22 PK,ADIDAS F/22 PRIME KNIT,140,0.14,1.1,1.2,49.8,NA,0.9960000000000017
ADIDAS F/22 PRIME KNIT,TIP,1.1466666666666665,R10,R,0.9366666666666666,-0.20999999999999985,F/22 PK,ADIDAS F/22 PRIME KNIT,140,0.14,1.1,1.2,49.8,NA,-1.254959999999999
ADIDAS NIZZA(50A SYN) WHITE,BALL,3.435,L27,L,2.6233333333333335,-0.8116666666666665,"""NIZZA LO CL I NIZZA LO CL""",ADIDAS NIZZA(50A SYN) WHITE,49,0.049,1.15,1.0857,82.7,NA,-7.287743155000001
ADIDAS NIZZA(50A SYN) WHITE,BALL,3.435,L28,L,3.06,-0.375,"""NIZZA LO CL I NIZZA LO CL""",ADIDAS NIZZA(50A SYN) WHITE,49,0.049,1.15,1.0857,82.7,NA,-3.367027125000001
ADIDAS NIZZA(50A SYN) WHITE,BALL,3.435,L29,L,2.993333333333333,-0.4416666666666669,"""NIZZA LO CL I NIZZA LO CL""",ADIDAS NIZZA(50A SYN) WHITE,49,0.049,1.15,1.0857,82.7,NA,-3.9656097250000024
ADIDAS NIZZA(50A SYN) WHITE,BALL,3.435,L30,L,3.393333333333333,-0.04166666666666696,"""NIZZA LO CL I NIZZA LO CL""",ADIDAS NIZZA(50A SYN) WHITE,49,0.049,1.15,1.0857,82.7,NA,-0.3741141250000027
ADIDAS NIZZA(50A SYN) WHITE,BALL,3.435,L54,L,3.35,-0.08499999999999996,"""NIZZA LO CL I NIZZA LO CL""",ADIDAS NIZZA(50A SYN) WHITE,49,0.049,1.15,1.0857,82.7,NA,-0.7631928149999998
ADIDAS NIZZA(50A SYN) WHITE,BALL,3.435,R27,R,2.63,-0.8050000000000002,"""NIZZA LO CL I NIZZA LO CL""",ADIDAS NIZZA(50A SYN) WHITE,49,0.049,1.15,1.0857,82.7,NA,-7.2278848950000025
ADIDAS NIZZA(50A SYN) WHITE,BALL,3.435,R28,R,3.1133333333333333,-0.32166666666666677,"""NIZZA LO CL I NIZZA LO CL""",ADIDAS NIZZA(50A SYN) WHITE,49,0.049,1.15,1.0857,82.7,NA,-2.8881610450000013
ADIDAS NIZZA(50A SYN) WHITE,BALL,3.435,R29,R,2.77,-0.665,"""NIZZA LO CL I NIZZA LO CL""",ADIDAS NIZZA(50A SYN) WHITE,49,0.049,1.15,1.0857,82.7,NA,-5.9708614350000015
ADIDAS NIZZA(50A SYN) WHITE,BALL,3.435,R30,R,3.3766666666666665,-0.05833333333333357,"""NIZZA LO CL I NIZZA LO CL""",ADIDAS NIZZA(50A SYN) WHITE,49,0.049,1.15,1.0857,82.7,NA,-0.5237597750000021
ADIDAS NIZZA(50A SYN) WHITE,BALL,3.435,R54,R,3.243333333333333,-0.19166666666666687,"""NIZZA LO CL I NIZZA LO CL""",ADIDAS NIZZA(50A SYN) WHITE,49,0.049,1.15,1.0857,82.7,NA,-1.7209249750000022
ADIDAS NIZZA(50A SYN) WHITE,HEEL,1.85,L27,L,1.3566666666666667,-0.4933333333333334,"""NIZZA LO CL I NIZZA LO CL""",ADIDAS NIZZA(50A SYN) WHITE,49,0.049,1.15,1.0857,82.7,NA,-4.429511240000001
ADIDAS NIZZA(50A SYN) WHITE,HEEL,1.85,L28,L,1.6066666666666667,-0.2433333333333334,"""NIZZA LO CL I NIZZA LO CL""",ADIDAS NIZZA(50A SYN) WHITE,49,0.049,1.15,1.0857,82.7,NA,-2.184826490000001
ADIDAS NIZZA(50A SYN) WHITE,HEEL,1.85,L29,L,1.0999999999999999,-0.7500000000000002,"""NIZZA LO CL I NIZZA LO CL""",ADIDAS NIZZA(50A SYN) WHITE,49,0.049,1.15,1.0857,82.7,NA,-6.734054250000003
ADIDAS NIZZA(50A SYN) WHITE,HEEL,1.85,L30,L,1.6266666666666667,-0.22333333333333338,"""NIZZA LO CL I NIZZA LO CL""",ADIDAS NIZZA(50A SYN) WHITE,49,0.049,1.15,1.0857,82.7,NA,-2.005251710000001
ADIDAS NIZZA(50A SYN) WHITE,HEEL,1.85,L54,L,1.77,-0.08000000000000007,"""NIZZA LO CL I NIZZA LO CL""",ADIDAS NIZZA(50A SYN) WHITE,49,0.049,1.15,1.0857,82.7,NA,-0.7182991200000007
ADIDAS NIZZA(50A SYN) WHITE,HEEL,1.85,R27,R,1.55,-0.30000000000000004,"""NIZZA LO CL I NIZZA LO CL""",ADIDAS NIZZA(50A SYN) WHITE,49,0.049,1.15,1.0857,82.7,NA,-2.693621700000001
ADIDAS NIZZA(50A SYN) WHITE,HEEL,1.85,R28,R,1.4433333333333334,-0.40666666666666673,"""NIZZA LO CL I NIZZA LO CL""",ADIDAS NIZZA(50A SYN) WHITE,49,0.049,1.15,1.0857,82.7,NA,-3.6513538600000017
ADIDAS NIZZA(50A SYN) WHITE,HEEL,1.85,R29,R,1.2766666666666666,-0.5733333333333335,"""NIZZA LO CL I NIZZA LO CL""",ADIDAS NIZZA(50A SYN) WHITE,49,0.049,1.15,1.0857,82.7,NA,-5.147810360000002
ADIDAS NIZZA(50A SYN) WHITE,HEEL,1.85,R30,R,1.6933333333333334,-0.15666666666666673,"""NIZZA LO CL I NIZZA LO CL""",ADIDAS NIZZA(50A SYN) WHITE,49,0.049,1.15,1.0857,82.7,NA,-1.4066691100000008
ADIDAS NIZZA(50A SYN) WHITE,HEEL,1.85,R54,R,1.8366666666666667,-0.01333333333333342,"""NIZZA LO CL I NIZZA LO CL""",ADIDAS NIZZA(50A SYN) WHITE,49,0.049,1.15,1.0857,82.7,NA,-0.1197165200000008
ADIDAS NIZZA(50A SYN) WHITE,OUTER_ARCH,3.1383333333333336,L27,L,2.9333333333333336,-0.20500000000000007,"""NIZZA LO CL I NIZZA LO CL""",ADIDAS NIZZA(50A SYN) WHITE,49,0.049,1.15,1.0857,82.7,NA,-1.840641495000001
ADIDAS NIZZA(50A SYN) WHITE,OUTER_ARCH,3.1383333333333336,L28,L,2.92,-0.2183333333333337,"""NIZZA LO CL I NIZZA LO CL""",ADIDAS NIZZA(50A SYN) WHITE,49,0.049,1.15,1.0857,82.7,NA,-1.9603580150000037
ADIDAS NIZZA(50A SYN) WHITE,OUTER_ARCH,3.1383333333333336,L29,L,3.0366666666666666,-0.10166666666666702,"""NIZZA LO CL I NIZZA LO CL""",ADIDAS NIZZA(50A SYN) WHITE,49,0.049,1.15,1.0857,82.7,NA,-0.9128384650000033
ADIDAS NIZZA(50A SYN) WHITE,OUTER_ARCH,3.1383333333333336,L30,L,3.256666666666667,0.11833333333333318,"""NIZZA LO CL I NIZZA LO CL""",ADIDAS NIZZA(50A SYN) WHITE,49,0.049,1.15,1.0857,82.7,NA,1.0624841149999988
ADIDAS NIZZA(50A SYN) WHITE,OUTER_ARCH,3.1383333333333336,L54,L,3.44,0.3016666666666663,"""NIZZA LO CL I NIZZA LO CL""",ADIDAS NIZZA(50A SYN) WHITE,49,0.049,1.15,1.0857,82.7,NA,2.7085862649999974
ADIDAS NIZZA(50A SYN) WHITE,OUTER_ARCH,3.1383333333333336,R27,R,3.1066666666666665,-0.031666666666667176,"""NIZZA LO CL I NIZZA LO CL""",ADIDAS NIZZA(50A SYN) WHITE,49,0.049,1.15,1.0857,82.7,NA,-0.2843267350000046
ADIDAS NIZZA(50A SYN) WHITE,OUTER_ARCH,3.1383333333333336,R28,R,3.08,-0.05833333333333357,"""NIZZA LO CL I NIZZA LO CL""",ADIDAS NIZZA(50A SYN) WHITE,49,0.049,1.15,1.0857,82.7,NA,-0.5237597750000021
ADIDAS NIZZA(50A SYN) WHITE,OUTER_ARCH,3.1383333333333336,R29,R,2.9,-0.23833333333333373,"""NIZZA LO CL I NIZZA LO CL""",ADIDAS NIZZA(50A SYN) WHITE,49,0.049,1.15,1.0857,82.7,NA,-2.1399327950000036
ADIDAS NIZZA(50A SYN) WHITE,OUTER_ARCH,3.1383333333333336,R30,R,3.1366666666666667,-0.0016666666666669272,"""NIZZA LO CL I NIZZA LO CL""",ADIDAS NIZZA(50A SYN) WHITE,49,0.049,1.15,1.0857,82.7,NA,-0.014964565000002343
ADIDAS NIZZA(50A SYN) WHITE,OUTER_ARCH,3.1383333333333336,R54,R,2.9,-0.23833333333333373,"""NIZZA LO CL I NIZZA LO CL""",ADIDAS NIZZA(50A SYN) WHITE,49,0.049,1.15,1.0857,82.7,NA,-2.1399327950000036
ADIDAS NIZZA(50A SYN) WHITE,TIP,3.3133333333333335,L27,L,2.3566666666666665,-0.956666666666667,"""NIZZA LO CL I NIZZA LO CL""",ADIDAS NIZZA(50A SYN) WHITE,49,0.049,1.15,1.0857,82.7,NA,-8.589660310000005
ADIDAS NIZZA(50A SYN) WHITE,TIP,3.3133333333333335,L28,L,2.8333333333333335,-0.48,"""NIZZA LO CL I NIZZA LO CL""",ADIDAS NIZZA(50A SYN) WHITE,49,0.049,1.15,1.0857,82.7,NA,-4.30979472
ADIDAS NIZZA(50A SYN) WHITE,TIP,3.3133333333333335,L29,L,2.91,-0.4033333333333333,"""NIZZA LO CL I NIZZA LO CL""",ADIDAS NIZZA(50A SYN) WHITE,49,0.049,1.15,1.0857,82.7,NA,-3.6214247300000006
ADIDAS NIZZA(50A SYN) WHITE,TIP,3.3133333333333335,L30,L,2.94,-0.3733333333333335,"""NIZZA LO CL I NIZZA LO CL""",ADIDAS NIZZA(50A SYN) WHITE,49,0.049,1.15,1.0857,82.7,NA,-3.352062560000002
ADIDAS NIZZA(50A SYN) WHITE,TIP,3.3133333333333335,L54,L,3.1133333333333333,-0.20000000000000018,"""NIZZA LO CL I NIZZA LO CL""",ADIDAS NIZZA(50A SYN) WHITE,49,0.049,1.15,1.0857,82.7,NA,-1.7957478000000018
ADIDAS NIZZA(50A SYN) WHITE,TIP,3.3133333333333335,R27,R,2.3666666666666667,-0.9466666666666668,"""NIZZA LO CL I NIZZA LO CL""",ADIDAS NIZZA(50A SYN) WHITE,49,0.049,1.15,1.0857,82.7,NA,-8.499872920000003
ADIDAS NIZZA(50A SYN) WHITE,TIP,3.3133333333333335,R28,R,2.73,-0.5833333333333335,"""NIZZA LO CL I NIZZA LO CL""",ADIDAS NIZZA(50A SYN) WHITE,49,0.049,1.15,1.0857,82.7,NA,-5.237597750000003
ADIDAS NIZZA(50A SYN) WHITE,TIP,3.3133333333333335,R29,R,2.9,-0.41333333333333355,"""NIZZA LO CL I NIZZA LO CL""",ADIDAS NIZZA(50A SYN) WHITE,49,0.049,1.15,1.0857,82.7,NA,-3.711212120000003
ADIDAS NIZZA(50A SYN) WHITE,TIP,3.3133333333333335,R30,R,2.87,-0.44333333333333336,"""NIZZA LO CL I NIZZA LO CL""",ADIDAS NIZZA(50A SYN) WHITE,49,0.049,1.15,1.0857,82.7,NA,-3.9805742900000007
ADIDAS NIZZA(50A SYN) WHITE,TIP,3.3133333333333335,R54,R,3.09,-0.2233333333333336,"""NIZZA LO CL I NIZZA LO CL""",ADIDAS NIZZA(50A SYN) WHITE,49,0.049,1.15,1.0857,82.7,NA,-2.0052517100000027
ADIDAS NIZZA(60A) BLACK,BALL,2.4766666666666666,L26,L,2.67,0.19333333333333336,NIZZA LO CL,ADIDAS NIZZA(60A) BLACK,74,0.074,1.15,1.1235,82.7,NA,1.7963267000000005
ADIDAS NIZZA(60A) BLACK,BALL,2.4766666666666666,L55,L,2.4066666666666667,-0.06999999999999984,NIZZA LO CL,ADIDAS NIZZA(60A) BLACK,74,0.074,1.15,1.1235,82.7,NA,-0.6503941499999986
ADIDAS NIZZA(60A) BLACK,BALL,2.4766666666666666,L57,L,2.05,-0.42666666666666675,NIZZA LO CL,ADIDAS NIZZA(60A) BLACK,74,0.074,1.15,1.1235,82.7,NA,-3.9643072000000013
ADIDAS NIZZA(60A) BLACK,BALL,2.4766666666666666,L58,L,3.186666666666667,0.7100000000000004,NIZZA LO CL,ADIDAS NIZZA(60A) BLACK,74,0.074,1.15,1.1235,82.7,NA,6.596854950000004
ADIDAS NIZZA(60A) BLACK,BALL,2.4766666666666666,L59,L,3.1266666666666665,0.6499999999999999,NIZZA LO CL,ADIDAS NIZZA(60A) BLACK,74,0.074,1.15,1.1235,82.7,NA,6.039374249999999
ADIDAS NIZZA(60A) BLACK,BALL,2.4766666666666666,L60,L,1.99,-0.4866666666666666,NIZZA LO CL,ADIDAS NIZZA(60A) BLACK,74,0.074,1.15,1.1235,82.7,NA,-4.5217879
ADIDAS NIZZA(60A) BLACK,BALL,2.4766666666666666,L61,L,2.46,-0.016666666666666607,NIZZA LO CL,ADIDAS NIZZA(60A) BLACK,74,0.074,1.15,1.1235,82.7,NA,-0.15485574999999946
ADIDAS NIZZA(60A) BLACK,BALL,2.4766666666666666,L62,L,2.313333333333333,-0.16333333333333355,NIZZA LO CL,ADIDAS NIZZA(60A) BLACK,74,0.074,1.15,1.1235,82.7,NA,-1.517586350000002
ADIDAS NIZZA(60A) BLACK,BALL,2.4766666666666666,L63,L,3.11,0.6333333333333333,NIZZA LO CL,ADIDAS NIZZA(60A) BLACK,74,0.074,1.15,1.1235,82.7,NA,5.8845184999999995
ADIDAS NIZZA(60A) BLACK,BALL,2.4766666666666666,R26,R,2.1633333333333336,-0.313333333333333,NIZZA LO CL,ADIDAS NIZZA(60A) BLACK,74,0.074,1.15,1.1235,82.7,NA,-2.911288099999997
ADIDAS NIZZA(60A) BLACK,BALL,2.4766666666666666,R55,R,2.54,0.06333333333333346,NIZZA LO CL,ADIDAS NIZZA(60A) BLACK,74,0.074,1.15,1.1235,82.7,NA,0.5884518500000012
ADIDAS NIZZA(60A) BLACK,BALL,2.4766666666666666,R57,R,3.0466666666666664,0.5699999999999998,NIZZA LO CL,ADIDAS NIZZA(60A) BLACK,74,0.074,1.15,1.1235,82.7,NA,5.296066649999999
ADIDAS NIZZA(60A) BLACK,BALL,2.4766666666666666,R58,R,3.3866666666666667,0.9100000000000001,NIZZA LO CL,ADIDAS NIZZA(60A) BLACK,74,0.074,1.15,1.1235,82.7,NA,8.455123950000003
ADIDAS NIZZA(60A) BLACK,BALL,2.4766666666666666,R59,R,3.0700000000000003,0.5933333333333337,NIZZA LO CL,ADIDAS NIZZA(60A) BLACK,74,0.074,1.15,1.1235,82.7,NA,5.512864700000003
ADIDAS NIZZA(60A) BLACK,BALL,2.4766666666666666,R60,R,2.4233333333333333,-0.05333333333333323,NIZZA LO CL,ADIDAS NIZZA(60A) BLACK,74,0.074,1.15,1.1235,82.7,NA,-0.4955383999999991
ADIDAS NIZZA(60A) BLACK,BALL,2.4766666666666666,R61,R,2.7733333333333334,0.29666666666666686,NIZZA LO CL,ADIDAS NIZZA(60A) BLACK,74,0.074,1.15,1.1235,82.7,NA,2.7564323500000016
ADIDAS NIZZA(60A) BLACK,BALL,2.4766666666666666,R62,R,3.3066666666666666,0.8300000000000001,NIZZA LO CL,ADIDAS NIZZA(60A) BLACK,74,0.074,1.15,1.1235,82.7,NA,7.711816350000001
ADIDAS NIZZA(60A) BLACK,BALL,2.4766666666666666,R63,R,2.7033333333333336,0.22666666666666702,NIZZA LO CL,ADIDAS NIZZA(60A) BLACK,74,0.074,1.15,1.1235,82.7,NA,2.1060382000000035
ADIDAS NIZZA(60A) BLACK,HEEL,1.7883333333333333,L26,L,1.5366666666666666,-0.2516666666666667,NIZZA LO CL,ADIDAS NIZZA(60A) BLACK,74,0.074,1.15,1.1235,82.7,NA,-2.338321825
ADIDAS NIZZA(60A) BLACK,HEEL,1.7883333333333333,L55,L,1.74,-0.04833333333333334,NIZZA LO CL,ADIDAS NIZZA(60A) BLACK,74,0.074,1.15,1.1235,82.7,NA,-0.4490816750000001
ADIDAS NIZZA(60A) BLACK,HEEL,1.7883333333333333,L57,L,1.7033333333333334,-0.08499999999999996,NIZZA LO CL,ADIDAS NIZZA(60A) BLACK,74,0.074,1.15,1.1235,82.7,NA,-0.7897643249999997
ADIDAS NIZZA(60A) BLACK,HEEL,1.7883333333333333,L58,L,1.7,-0.08833333333333337,NIZZA LO CL,ADIDAS NIZZA(60A) BLACK,74,0.074,1.15,1.1235,82.7,NA,-0.8207354750000003
ADIDAS NIZZA(60A) BLACK,HEEL,1.7883333333333333,L59,L,1.2133333333333334,-0.575,NIZZA LO CL,ADIDAS NIZZA(60A) BLACK,74,0.074,1.15,1.1235,82.7,NA,-5.342523374999999
ADIDAS NIZZA(60A) BLACK,HEEL,1.7883333333333333,L60,L,1.7333333333333334,-0.05499999999999994,NIZZA LO CL,ADIDAS NIZZA(60A) BLACK,74,0.074,1.15,1.1235,82.7,NA,-0.5110239749999995
ADIDAS NIZZA(60A) BLACK,HEEL,1.7883333333333333,L61,L,1.7033333333333334,-0.08499999999999996,NIZZA LO CL,ADIDAS NIZZA(60A) BLACK,74,0.074,1.15,1.1235,82.7,NA,-0.7897643249999997
ADIDAS NIZZA(60A) BLACK,HEEL,1.7883333333333333,L62,L,1.6,-0.18833333333333324,NIZZA LO CL,ADIDAS NIZZA(60A) BLACK,74,0.074,1.15,1.1235,82.7,NA,-1.7498699749999993
ADIDAS NIZZA(60A) BLACK,HEEL,1.7883333333333333,L63,L,1.4566666666666666,-0.3316666666666668,NIZZA LO CL,ADIDAS NIZZA(60A) BLACK,74,0.074,1.15,1.1235,82.7,NA,-3.081629425000001
ADIDAS NIZZA(60A) BLACK,HEEL,1.7883333333333333,R26,R,1.7433333333333334,-0.04499999999999993,NIZZA LO CL,ADIDAS NIZZA(60A) BLACK,74,0.074,1.15,1.1235,82.7,NA,-0.41811052499999934
ADIDAS NIZZA(60A) BLACK,HEEL,1.7883333333333333,R55,R,1.9066666666666667,0.1183333333333334,NIZZA LO CL,ADIDAS NIZZA(60A) BLACK,74,0.074,1.15,1.1235,82.7,NA,1.0994758250000007
ADIDAS NIZZA(60A) BLACK,HEEL,1.7883333333333333,R57,R,1.6633333333333333,-0.125,NIZZA LO CL,ADIDAS NIZZA(60A) BLACK,74,0.074,1.15,1.1235,82.7,NA,-1.1614181250000002
ADIDAS NIZZA(60A) BLACK,HEEL,1.7883333333333333,R58,R,1.7033333333333334,-0.08499999999999996,NIZZA LO CL,ADIDAS NIZZA(60A) BLACK,74,0.074,1.15,1.1235,82.7,NA,-0.7897643249999997
ADIDAS NIZZA(60A) BLACK,HEEL,1.7883333333333333,R59,R,1.3800000000000001,-0.4083333333333332,NIZZA LO CL,ADIDAS NIZZA(60A) BLACK,74,0.074,1.15,1.1235,82.7,NA,-3.793965874999999
ADIDAS NIZZA(60A) BLACK,HEEL,1.7883333333333333,R60,R,1.7766666666666666,-0.011666666666666714,NIZZA LO CL,ADIDAS NIZZA(60A) BLACK,74,0.074,1.15,1.1235,82.7,NA,-0.10839902500000045
ADIDAS NIZZA(60A) BLACK,HEEL,1.7883333333333333,R61,R,1.7766666666666666,-0.011666666666666714,NIZZA LO CL,ADIDAS NIZZA(60A) BLACK,74,0.074,1.15,1.1235,82.7,NA,-0.10839902500000045
ADIDAS NIZZA(60A) BLACK,HEEL,1.7883333333333333,R62,R,1.76,-0.02833333333333332,NIZZA LO CL,ADIDAS NIZZA(60A) BLACK,74,0.074,1.15,1.1235,82.7,NA,-0.2632547749999999
ADIDAS NIZZA(60A) BLACK,HEEL,1.7883333333333333,R63,R,1.6833333333333333,-0.10499999999999998,NIZZA LO CL,ADIDAS NIZZA(60A) BLACK,74,0.074,1.15,1.1235,82.7,NA,-0.9755912249999998
ADIDAS NIZZA(60A) BLACK,OUTER_ARCH,3.13,L26,L,2.9833333333333334,-0.1466666666666665,NIZZA LO CL,ADIDAS NIZZA(60A) BLACK,74,0.074,1.15,1.1235,82.7,NA,-1.3627305999999986
ADIDAS NIZZA(60A) BLACK,OUTER_ARCH,3.13,L55,L,3.3266666666666667,0.19666666666666677,NIZZA LO CL,ADIDAS NIZZA(60A) BLACK,74,0.074,1.15,1.1235,82.7,NA,1.8272978500000012
ADIDAS NIZZA(60A) BLACK,OUTER_ARCH,3.13,L57,L,2.92,-0.20999999999999996,NIZZA LO CL,ADIDAS NIZZA(60A) BLACK,74,0.074,1.15,1.1235,82.7,NA,-1.9511824499999997
ADIDAS NIZZA(60A) BLACK,OUTER_ARCH,3.13,L58,L,3.3333333333333335,0.2033333333333336,NIZZA LO CL,ADIDAS NIZZA(60A) BLACK,74,0.074,1.15,1.1235,82.7,NA,1.8892401500000024
ADIDAS NIZZA(60A) BLACK,OUTER_ARCH,3.13,L59,L,3.11,-0.020000000000000018,NIZZA LO CL,ADIDAS NIZZA(60A) BLACK,74,0.074,1.15,1.1235,82.7,NA,-0.18582690000000018
ADIDAS NIZZA(60A) BLACK,OUTER_ARCH,3.13,L60,L,3.29,0.16000000000000014,NIZZA LO CL,ADIDAS NIZZA(60A) BLACK,74,0.074,1.15,1.1235,82.7,NA,1.4866152000000015
ADIDAS NIZZA(60A) BLACK,OUTER_ARCH,3.13,L61,L,3.3,0.16999999999999993,NIZZA LO CL,ADIDAS NIZZA(60A) BLACK,74,0.074,1.15,1.1235,82.7,NA,1.5795286499999994
ADIDAS NIZZA(60A) BLACK,OUTER_ARCH,3.13,L62,L,2.8866666666666667,-0.24333333333333318,NIZZA LO CL,ADIDAS NIZZA(60A) BLACK,74,0.074,1.15,1.1235,82.7,NA,-2.2608939499999985
ADIDAS NIZZA(60A) BLACK,OUTER_ARCH,3.13,L63,L,3.236666666666667,0.10666666666666691,NIZZA LO CL,ADIDAS NIZZA(60A) BLACK,74,0.074,1.15,1.1235,82.7,NA,0.9910768000000023
ADIDAS NIZZA(60A) BLACK,OUTER_ARCH,3.13,R26,R,3.18,0.050000000000000266,NIZZA LO CL,ADIDAS NIZZA(60A) BLACK,74,0.074,1.15,1.1235,82.7,NA,0.46456725000000254
ADIDAS NIZZA(60A) BLACK,OUTER_ARCH,3.13,R55,R,3.14,0.010000000000000231,NIZZA LO CL,ADIDAS NIZZA(60A) BLACK,74,0.074,1.15,1.1235,82.7,NA,0.09291345000000215
ADIDAS NIZZA(60A) BLACK,OUTER_ARCH,3.13,R57,R,2.7033333333333336,-0.4266666666666663,NIZZA LO CL,ADIDAS NIZZA(60A) BLACK,74,0.074,1.15,1.1235,82.7,NA,-3.964307199999997
ADIDAS NIZZA(60A) BLACK,OUTER_ARCH,3.13,R58,R,3.1333333333333333,0.0033333333333334103,NIZZA LO CL,ADIDAS NIZZA(60A) BLACK,74,0.074,1.15,1.1235,82.7,NA,0.030971150000000718
ADIDAS NIZZA(60A) BLACK,OUTER_ARCH,3.13,R59,R,3.0966666666666667,-0.033333333333333215,NIZZA LO CL,ADIDAS NIZZA(60A) BLACK,74,0.074,1.15,1.1235,82.7,NA,-0.3097114999999989
ADIDAS NIZZA(60A) BLACK,OUTER_ARCH,3.13,R60,R,2.9633333333333334,-0.16666666666666652,NIZZA LO CL,ADIDAS NIZZA(60A) BLACK,74,0.074,1.15,1.1235,82.7,NA,-1.5485574999999987
ADIDAS NIZZA(60A) BLACK,OUTER_ARCH,3.13,R61,R,3.34,0.20999999999999996,NIZZA LO CL,ADIDAS NIZZA(60A) BLACK,74,0.074,1.15,1.1235,82.7,NA,1.9511824499999997
ADIDAS NIZZA(60A) BLACK,OUTER_ARCH,3.13,R62,R,3.0533333333333332,-0.07666666666666666,NIZZA LO CL,ADIDAS NIZZA(60A) BLACK,74,0.074,1.15,1.1235,82.7,NA,-0.71233645
ADIDAS NIZZA(60A) BLACK,OUTER_ARCH,3.13,R63,R,3.1133333333333333,-0.016666666666666607,NIZZA LO CL,ADIDAS NIZZA(60A) BLACK,74,0.074,1.15,1.1235,82.7,NA,-0.15485574999999946
ADIDAS NIZZA(60A) BLACK,TIP,3.006666666666667,L26,L,2.7266666666666666,-0.28000000000000025,NIZZA LO CL,ADIDAS NIZZA(60A) BLACK,74,0.074,1.15,1.1235,82.7,NA,-2.6015766000000022
ADIDAS NIZZA(60A) BLACK,TIP,3.006666666666667,L55,L,2.84,-0.16666666666666696,NIZZA LO CL,ADIDAS NIZZA(60A) BLACK,74,0.074,1.15,1.1235,82.7,NA,-1.5485575000000027
ADIDAS NIZZA(60A) BLACK,TIP,3.006666666666667,L57,L,2.8666666666666667,-0.14000000000000012,NIZZA LO CL,ADIDAS NIZZA(60A) BLACK,74,0.074,1.15,1.1235,82.7,NA,-1.3007883000000011
ADIDAS NIZZA(60A) BLACK,TIP,3.006666666666667,L58,L,3.026666666666667,0.020000000000000018,NIZZA LO CL,ADIDAS NIZZA(60A) BLACK,74,0.074,1.15,1.1235,82.7,NA,0.18582690000000018
ADIDAS NIZZA(60A) BLACK,TIP,3.006666666666667,L59,L,2.5766666666666667,-0.43000000000000016,NIZZA LO CL,ADIDAS NIZZA(60A) BLACK,74,0.074,1.15,1.1235,82.7,NA,-3.9952783500000018
ADIDAS NIZZA(60A) BLACK,TIP,3.006666666666667,L60,L,2.9333333333333336,-0.07333333333333325,NIZZA LO CL,ADIDAS NIZZA(60A) BLACK,74,0.074,1.15,1.1235,82.7,NA,-0.6813652999999993
ADIDAS NIZZA(60A) BLACK,TIP,3.006666666666667,L61,L,2.9966666666666666,-0.010000000000000231,NIZZA LO CL,ADIDAS NIZZA(60A) BLACK,74,0.074,1.15,1.1235,82.7,NA,-0.09291345000000215
ADIDAS NIZZA(60A) BLACK,TIP,3.006666666666667,L62,L,2.77,-0.2366666666666668,NIZZA LO CL,ADIDAS NIZZA(60A) BLACK,74,0.074,1.15,1.1235,82.7,NA,-2.1989516500000015
ADIDAS NIZZA(60A) BLACK,TIP,3.006666666666667,L63,L,2.7666666666666666,-0.2400000000000002,NIZZA LO CL,ADIDAS NIZZA(60A) BLACK,74,0.074,1.15,1.1235,82.7,NA,-2.229922800000002
ADIDAS NIZZA(60A) BLACK,TIP,3.006666666666667,R26,R,2.6233333333333335,-0.3833333333333333,NIZZA LO CL,ADIDAS NIZZA(60A) BLACK,74,0.074,1.15,1.1235,82.7,NA,-3.5616822499999996
ADIDAS NIZZA(60A) BLACK,TIP,3.006666666666667,R55,R,2.7466666666666666,-0.26000000000000023,NIZZA LO CL,ADIDAS NIZZA(60A) BLACK,74,0.074,1.15,1.1235,82.7,NA,-2.4157497000000023
ADIDAS NIZZA(60A) BLACK,TIP,3.006666666666667,R57,R,2.9433333333333334,-0.06333333333333346,NIZZA LO CL,ADIDAS NIZZA(60A) BLACK,74,0.074,1.15,1.1235,82.7,NA,-0.5884518500000012
ADIDAS NIZZA(60A) BLACK,TIP,3.006666666666667,R58,R,3.0933333333333333,0.08666666666666645,NIZZA LO CL,ADIDAS NIZZA(60A) BLACK,74,0.074,1.15,1.1235,82.7,NA,0.805249899999998
ADIDAS NIZZA(60A) BLACK,TIP,3.006666666666667,R59,R,2.9233333333333333,-0.08333333333333348,NIZZA LO CL,ADIDAS NIZZA(60A) BLACK,74,0.074,1.15,1.1235,82.7,NA,-0.7742787500000013
ADIDAS NIZZA(60A) BLACK,TIP,3.006666666666667,R60,R,2.7533333333333334,-0.2533333333333334,NIZZA LO CL,ADIDAS NIZZA(60A) BLACK,74,0.074,1.15,1.1235,82.7,NA,-2.353807400000001
ADIDAS NIZZA(60A) BLACK,TIP,3.006666666666667,R61,R,3.06,0.05333333333333323,NIZZA LO CL,ADIDAS NIZZA(60A) BLACK,74,0.074,1.15,1.1235,82.7,NA,0.4955383999999991
ADIDAS NIZZA(60A) BLACK,TIP,3.006666666666667,R62,R,2.9266666666666667,-0.08000000000000007,NIZZA LO CL,ADIDAS NIZZA(60A) BLACK,74,0.074,1.15,1.1235,82.7,NA,-0.7433076000000007
ADIDAS NIZZA(60A) BLACK,TIP,3.006666666666667,R63,R,2.716666666666667,-0.29000000000000004,NIZZA LO CL,ADIDAS NIZZA(60A) BLACK,74,0.074,1.15,1.1235,82.7,NA,-2.6944900500000006
ADIDAS TERREX BOAT,BALL,1.3866666666666667,L64,L,1.4433333333333334,0.05666666666666664,TERREX CC BOAT,ADIDAS TERREX BOAT,140,0.14,1.1,1.2,50.6,NA,0.3440799999999999
ADIDAS TERREX BOAT,BALL,1.3866666666666667,L65,L,0.7966666666666666,-0.5900000000000001,TERREX CC BOAT,ADIDAS TERREX BOAT,140,0.14,1.1,1.2,50.6,NA,-3.5824800000000008
ADIDAS TERREX BOAT,BALL,1.3866666666666667,L66,L,1.3,-0.08666666666666667,TERREX CC BOAT,ADIDAS TERREX BOAT,140,0.14,1.1,1.2,50.6,NA,-0.52624
ADIDAS TERREX BOAT,BALL,1.3866666666666667,L67,L,1.2566666666666666,-0.13000000000000012,TERREX CC BOAT,ADIDAS TERREX BOAT,140,0.14,1.1,1.2,50.6,NA,-0.7893600000000007
ADIDAS TERREX BOAT,BALL,1.3866666666666667,L68,L,1.3166666666666667,-0.07000000000000006,TERREX CC BOAT,ADIDAS TERREX BOAT,140,0.14,1.1,1.2,50.6,NA,-0.42504000000000036
ADIDAS TERREX BOAT,BALL,1.3866666666666667,R64,R,1.3633333333333333,-0.023333333333333428,TERREX CC BOAT,ADIDAS TERREX BOAT,140,0.14,1.1,1.2,50.6,NA,-0.14168000000000058
ADIDAS TERREX BOAT,BALL,1.3866666666666667,R65,R,1.3,-0.08666666666666667,TERREX CC BOAT,ADIDAS TERREX BOAT,140,0.14,1.1,1.2,50.6,NA,-0.52624
ADIDAS TERREX BOAT,BALL,1.3866666666666667,R66,R,1.3800000000000001,-0.006666666666666599,TERREX CC BOAT,ADIDAS TERREX BOAT,140,0.14,1.1,1.2,50.6,NA,-0.04047999999999959
ADIDAS TERREX BOAT,BALL,1.3866666666666667,R67,R,1.4433333333333334,0.05666666666666664,TERREX CC BOAT,ADIDAS TERREX BOAT,140,0.14,1.1,1.2,50.6,NA,0.3440799999999999
ADIDAS TERREX BOAT,BALL,1.3866666666666667,R68,R,1.4033333333333333,0.016666666666666607,TERREX CC BOAT,ADIDAS TERREX BOAT,140,0.14,1.1,1.2,50.6,NA,0.10119999999999965
ADIDAS TERREX BOAT,HEEL,1.815,L64,L,1.7733333333333334,-0.04166666666666652,TERREX CC BOAT,ADIDAS TERREX BOAT,140,0.14,1.1,1.2,50.6,NA,-0.2529999999999991
ADIDAS TERREX BOAT,HEEL,1.815,L65,L,1.2566666666666666,-0.5583333333333333,TERREX CC BOAT,ADIDAS TERREX BOAT,140,0.14,1.1,1.2,50.6,NA,-3.3902
ADIDAS TERREX BOAT,HEEL,1.815,L66,L,1.4266666666666665,-0.3883333333333334,TERREX CC BOAT,ADIDAS TERREX BOAT,140,0.14,1.1,1.2,50.6,NA,-2.3579600000000007
ADIDAS TERREX BOAT,HEEL,1.815,L67,L,1.4533333333333334,-0.3616666666666666,TERREX CC BOAT,ADIDAS TERREX BOAT,140,0.14,1.1,1.2,50.6,NA,-2.1960399999999995
ADIDAS TERREX BOAT,HEEL,1.815,L68,L,1.7633333333333334,-0.05166666666666653,TERREX CC BOAT,ADIDAS TERREX BOAT,140,0.14,1.1,1.2,50.6,NA,-0.31371999999999917
ADIDAS TERREX BOAT,HEEL,1.815,R64,R,1.8033333333333335,-0.011666666666666492,TERREX CC BOAT,ADIDAS TERREX BOAT,140,0.14,1.1,1.2,50.6,NA,-0.07083999999999893
ADIDAS TERREX BOAT,HEEL,1.815,R65,R,1.45,-0.365,TERREX CC BOAT,ADIDAS TERREX BOAT,140,0.14,1.1,1.2,50.6,NA,-2.21628
ADIDAS TERREX BOAT,HEEL,1.815,R66,R,1.4566666666666666,-0.3583333333333334,TERREX CC BOAT,ADIDAS TERREX BOAT,140,0.14,1.1,1.2,50.6,NA,-2.1758000000000006
ADIDAS TERREX BOAT,HEEL,1.815,R67,R,1.36,-0.45499999999999985,TERREX CC BOAT,ADIDAS TERREX BOAT,140,0.14,1.1,1.2,50.6,NA,-2.762759999999999
ADIDAS TERREX BOAT,HEEL,1.815,R68,R,1.6966666666666665,-0.1183333333333334,TERREX CC BOAT,ADIDAS TERREX BOAT,140,0.14,1.1,1.2,50.6,NA,-0.7185200000000005
ADIDAS TERREX BOAT,OUTER_ARCH,1.81,L64,L,1.7733333333333334,-0.036666666666666625,TERREX CC BOAT,ADIDAS TERREX BOAT,140,0.14,1.1,1.2,50.6,NA,-0.22263999999999975
ADIDAS TERREX BOAT,OUTER_ARCH,1.81,L65,L,1.4766666666666668,-0.33333333333333326,TERREX CC BOAT,ADIDAS TERREX BOAT,140,0.14,1.1,1.2,50.6,NA,-2.0239999999999996
ADIDAS TERREX BOAT,OUTER_ARCH,1.81,L66,L,1.6833333333333333,-0.1266666666666667,TERREX CC BOAT,ADIDAS TERREX BOAT,140,0.14,1.1,1.2,50.6,NA,-0.7691200000000002
ADIDAS TERREX BOAT,OUTER_ARCH,1.81,L67,L,1.6966666666666665,-0.11333333333333351,TERREX CC BOAT,ADIDAS TERREX BOAT,140,0.14,1.1,1.2,50.6,NA,-0.6881600000000011
ADIDAS TERREX BOAT,OUTER_ARCH,1.81,L68,L,1.75,-0.06000000000000005,TERREX CC BOAT,ADIDAS TERREX BOAT,140,0.14,1.1,1.2,50.6,NA,-0.3643200000000003
ADIDAS TERREX BOAT,OUTER_ARCH,1.81,R64,R,1.7966666666666666,-0.01333333333333342,TERREX CC BOAT,ADIDAS TERREX BOAT,140,0.14,1.1,1.2,50.6,NA,-0.08096000000000052
ADIDAS TERREX BOAT,OUTER_ARCH,1.81,R65,R,1.6266666666666667,-0.18333333333333335,TERREX CC BOAT,ADIDAS TERREX BOAT,140,0.14,1.1,1.2,50.6,NA,-1.1132000000000002
ADIDAS TERREX BOAT,OUTER_ARCH,1.81,R66,R,1.7866666666666666,-0.023333333333333428,TERREX CC BOAT,ADIDAS TERREX BOAT,140,0.14,1.1,1.2,50.6,NA,-0.14168000000000058
ADIDAS TERREX BOAT,OUTER_ARCH,1.81,R67,R,1.68,-0.13000000000000012,TERREX CC BOAT,ADIDAS TERREX BOAT,140,0.14,1.1,1.2,50.6,NA,-0.7893600000000007
ADIDAS TERREX BOAT,OUTER_ARCH,1.81,R68,R,1.8133333333333335,0.0033333333333334103,TERREX CC BOAT,ADIDAS TERREX BOAT,140,0.14,1.1,1.2,50.6,NA,0.02024000000000047
ADIDAS TERREX BOAT,TIP,1.9333333333333333,L64,L,1.65,-0.28333333333333344,TERREX CC BOAT,ADIDAS TERREX BOAT,140,0.14,1.1,1.2,50.6,NA,-1.7204000000000008
ADIDAS TERREX BOAT,TIP,1.9333333333333333,L65,L,1.1933333333333334,-0.74,TERREX CC BOAT,ADIDAS TERREX BOAT,140,0.14,1.1,1.2,50.6,NA,-4.4932799999999995
ADIDAS TERREX BOAT,TIP,1.9333333333333333,L66,L,1.5766666666666667,-0.3566666666666667,TERREX CC BOAT,ADIDAS TERREX BOAT,140,0.14,1.1,1.2,50.6,NA,-2.1656800000000005
ADIDAS TERREX BOAT,TIP,1.9333333333333333,L67,L,1.69,-0.2433333333333334,TERREX CC BOAT,ADIDAS TERREX BOAT,140,0.14,1.1,1.2,50.6,NA,-1.4775200000000006
ADIDAS TERREX BOAT,TIP,1.9333333333333333,L68,L,1.81,-0.1233333333333333,TERREX CC BOAT,ADIDAS TERREX BOAT,140,0.14,1.1,1.2,50.6,NA,-0.7488799999999998
ADIDAS TERREX BOAT,TIP,1.9333333333333333,R64,R,1.9133333333333333,-0.020000000000000018,TERREX CC BOAT,ADIDAS TERREX BOAT,140,0.14,1.1,1.2,50.6,NA,-0.1214400000000001
ADIDAS TERREX BOAT,TIP,1.9333333333333333,R65,R,1.0833333333333335,-0.8499999999999999,TERREX CC BOAT,ADIDAS TERREX BOAT,140,0.14,1.1,1.2,50.6,NA,-5.1612
ADIDAS TERREX BOAT,TIP,1.9333333333333333,R66,R,1.7,-0.2333333333333334,TERREX CC BOAT,ADIDAS TERREX BOAT,140,0.14,1.1,1.2,50.6,NA,-1.4168000000000005
ADIDAS TERREX BOAT,TIP,1.9333333333333333,R67,R,1.8633333333333333,-0.07000000000000006,TERREX CC BOAT,ADIDAS TERREX BOAT,140,0.14,1.1,1.2,50.6,NA,-0.42504000000000036
ADIDAS TERREX BOAT,TIP,1.9333333333333333,R68,R,1.69,-0.2433333333333334,TERREX CC BOAT,ADIDAS TERREX BOAT,140,0.14,1.1,1.2,50.6,NA,-1.4775200000000006
ADIDAS ULTRABOOST PARLEY BLACK,BALL,1.698888888888889,L20,L,0.5233333333333333,-1.1755555555555555,ULTRABOOST PARLEY,ADIDAS ULTRABOOST PARLEY BLACK,166,0.166,1.1,1.11,58.7593,(+/- 1E-06),-7.667305192666667
ADIDAS ULTRABOOST PARLEY BLACK,BALL,1.698888888888889,L21,L,1.3033333333333335,-0.39555555555555544,ULTRABOOST PARLEY,ADIDAS ULTRABOOST PARLEY BLACK,166,0.166,1.1,1.11,58.7593,(+/- 1E-06),-2.5799249986666664
ADIDAS ULTRABOOST PARLEY BLACK,BALL,1.698888888888889,L22,L,1.5633333333333335,-0.13555555555555543,ULTRABOOST PARLEY,ADIDAS ULTRABOOST PARLEY BLACK,166,0.166,1.1,1.11,58.7593,(+/- 1E-06),-0.884131600666666
ADIDAS ULTRABOOST PARLEY BLACK,BALL,1.698888888888889,L23,L,1.1933333333333334,-0.5055555555555555,ULTRABOOST PARLEY,ADIDAS ULTRABOOST PARLEY BLACK,166,0.166,1.1,1.11,58.7593,(+/- 1E-06),-3.297376051666667
ADIDAS ULTRABOOST PARLEY BLACK,BALL,1.698888888888889,L25,L,1.39,-0.308888888888889,ULTRABOOST PARLEY,ADIDAS ULTRABOOST PARLEY BLACK,166,0.166,1.1,1.11,58.7593,(+/- 1E-06),-2.014660532666668
ADIDAS ULTRABOOST PARLEY BLACK,BALL,1.698888888888889,R17,R,1.0866666666666667,-0.6122222222222222,ULTRABOOST PARLEY,ADIDAS ULTRABOOST PARLEY BLACK,166,0.166,1.1,1.11,58.7593,(+/- 1E-06),-3.9930861636666677
ADIDAS ULTRABOOST PARLEY BLACK,BALL,1.698888888888889,R20,R,0.8966666666666666,-0.8022222222222223,ULTRABOOST PARLEY,ADIDAS ULTRABOOST PARLEY BLACK,166,0.166,1.1,1.11,58.7593,(+/- 1E-06),-5.2323198006666685
ADIDAS ULTRABOOST PARLEY BLACK,BALL,1.698888888888889,R21,R,1.52,-0.17888888888888888,ULTRABOOST PARLEY,ADIDAS ULTRABOOST PARLEY BLACK,166,0.166,1.1,1.11,58.7593,(+/- 1E-06),-1.1667638336666668
ADIDAS ULTRABOOST PARLEY BLACK,BALL,1.698888888888889,R23,R,1.0133333333333334,-0.6855555555555555,ULTRABOOST PARLEY,ADIDAS ULTRABOOST PARLEY BLACK,166,0.166,1.1,1.11,58.7593,(+/- 1E-06),-4.471386865666667
ADIDAS ULTRABOOST PARLEY BLACK,BALL,1.698888888888889,R25,R,1.57,-0.12888888888888883,ULTRABOOST PARLEY,ADIDAS ULTRABOOST PARLEY BLACK,166,0.166,1.1,1.11,58.7593,(+/- 1E-06),-0.8406497186666665
ADIDAS ULTRABOOST PARLEY BLACK,HEEL,1.6400000000000001,L20,L,1.01,-0.6300000000000001,ULTRABOOST PARLEY,ADIDAS ULTRABOOST PARLEY BLACK,166,0.166,1.1,1.11,58.7593,(+/- 1E-06),-4.109037849000002
ADIDAS ULTRABOOST PARLEY BLACK,HEEL,1.6400000000000001,L21,L,1.45,-0.19000000000000017,ULTRABOOST PARLEY,ADIDAS ULTRABOOST PARLEY BLACK,166,0.166,1.1,1.11,58.7593,(+/- 1E-06),-1.2392336370000014
ADIDAS ULTRABOOST PARLEY BLACK,HEEL,1.6400000000000001,L22,L,13.963333333333333,12.323333333333332,ULTRABOOST PARLEY,ADIDAS ULTRABOOST PARLEY BLACK,166,0.166,1.1,1.11,58.7593,(+/- 1E-06),80.37625887700001
ADIDAS ULTRABOOST PARLEY BLACK,HEEL,1.6400000000000001,L23,L,1.1199999999999999,-0.5200000000000002,ULTRABOOST PARLEY,ADIDAS ULTRABOOST PARLEY BLACK,166,0.166,1.1,1.11,58.7593,(+/- 1E-06),-3.391586796000002
ADIDAS ULTRABOOST PARLEY BLACK,HEEL,1.6400000000000001,L25,L,1.59,-0.050000000000000044,ULTRABOOST PARLEY,ADIDAS ULTRABOOST PARLEY BLACK,166,0.166,1.1,1.11,58.7593,(+/- 1E-06),-0.3261141150000003
ADIDAS ULTRABOOST PARLEY BLACK,HEEL,1.6400000000000001,R17,R,1.31,-0.33000000000000007,ULTRABOOST PARLEY,ADIDAS ULTRABOOST PARLEY BLACK,166,0.166,1.1,1.11,58.7593,(+/- 1E-06),-2.152353159000001
ADIDAS ULTRABOOST PARLEY BLACK,HEEL,1.6400000000000001,R20,R,0.9633333333333333,-0.6766666666666669,ULTRABOOST PARLEY,ADIDAS ULTRABOOST PARLEY BLACK,166,0.166,1.1,1.11,58.7593,(+/- 1E-06),-4.413411023000003
ADIDAS ULTRABOOST PARLEY BLACK,HEEL,1.6400000000000001,R21,R,1.6,-0.040000000000000036,ULTRABOOST PARLEY,ADIDAS ULTRABOOST PARLEY BLACK,166,0.166,1.1,1.11,58.7593,(+/- 1E-06),-0.2608912920000003
ADIDAS ULTRABOOST PARLEY BLACK,HEEL,1.6400000000000001,R23,R,1.3266666666666667,-0.31333333333333346,ULTRABOOST PARLEY,ADIDAS ULTRABOOST PARLEY BLACK,166,0.166,1.1,1.11,58.7593,(+/- 1E-06),-2.0436484540000013
ADIDAS ULTRABOOST PARLEY BLACK,HEEL,1.6400000000000001,R25,R,1.4,-0.2400000000000002,ULTRABOOST PARLEY,ADIDAS ULTRABOOST PARLEY BLACK,166,0.166,1.1,1.11,58.7593,(+/- 1E-06),-1.5653477520000016
ADIDAS ULTRABOOST PARLEY BLACK,OUTER_ARCH,1.8755555555555554,L20,L,1.6966666666666665,-0.17888888888888888,ULTRABOOST PARLEY,ADIDAS ULTRABOOST PARLEY BLACK,166,0.166,1.1,1.11,58.7593,(+/- 1E-06),-1.1667638336666668
ADIDAS ULTRABOOST PARLEY BLACK,OUTER_ARCH,1.8755555555555554,L21,L,1.8566666666666667,-0.018888888888888733,ULTRABOOST PARLEY,ADIDAS ULTRABOOST PARLEY BLACK,166,0.166,1.1,1.11,58.7593,(+/- 1E-06),-0.12319866566666567
ADIDAS ULTRABOOST PARLEY BLACK,OUTER_ARCH,1.8755555555555554,L22,L,1.7966666666666666,-0.07888888888888879,ULTRABOOST PARLEY,ADIDAS ULTRABOOST PARLEY BLACK,166,0.166,1.1,1.11,58.7593,(+/- 1E-06),-0.5145356036666662
ADIDAS ULTRABOOST PARLEY BLACK,OUTER_ARCH,1.8755555555555554,L23,L,1.53,-0.3455555555555554,ULTRABOOST PARLEY,ADIDAS ULTRABOOST PARLEY BLACK,166,0.166,1.1,1.11,58.7593,(+/- 1E-06),-2.253810883666666
ADIDAS ULTRABOOST PARLEY BLACK,OUTER_ARCH,1.8755555555555554,L25,L,1.6833333333333333,-0.19222222222222207,ULTRABOOST PARLEY,ADIDAS ULTRABOOST PARLEY BLACK,166,0.166,1.1,1.11,58.7593,(+/- 1E-06),-1.2537275976666662
ADIDAS ULTRABOOST PARLEY BLACK,OUTER_ARCH,1.8755555555555554,R17,R,1.54,-0.3355555555555554,ULTRABOOST PARLEY,ADIDAS ULTRABOOST PARLEY BLACK,166,0.166,1.1,1.11,58.7593,(+/- 1E-06),-2.1885880606666657
ADIDAS ULTRABOOST PARLEY BLACK,OUTER_ARCH,1.8755555555555554,R20,R,1.6733333333333333,-0.20222222222222208,ULTRABOOST PARLEY,ADIDAS ULTRABOOST PARLEY BLACK,166,0.166,1.1,1.11,58.7593,(+/- 1E-06),-1.3189504206666662
ADIDAS ULTRABOOST PARLEY BLACK,OUTER_ARCH,1.8755555555555554,R21,R,1.78,-0.0955555555555554,ULTRABOOST PARLEY,ADIDAS ULTRABOOST PARLEY BLACK,166,0.166,1.1,1.11,58.7593,(+/- 1E-06),-0.6232403086666657
ADIDAS ULTRABOOST PARLEY BLACK,OUTER_ARCH,1.8755555555555554,R23,R,1.6133333333333333,-0.26222222222222213,ULTRABOOST PARLEY,ADIDAS ULTRABOOST PARLEY BLACK,166,0.166,1.1,1.11,58.7593,(+/- 1E-06),-1.7102873586666665
ADIDAS ULTRABOOST PARLEY BLACK,OUTER_ARCH,1.8755555555555554,R25,R,1.8966666666666667,0.021111111111111303,ULTRABOOST PARLEY,ADIDAS ULTRABOOST PARLEY BLACK,166,0.166,1.1,1.11,58.7593,(+/- 1E-06),0.1376926263333346
ADIDAS ULTRABOOST PARLEY BLACK,TIP,1.5066666666666666,L20,L,1.4733333333333334,-0.033333333333333215,ULTRABOOST PARLEY,ADIDAS ULTRABOOST PARLEY BLACK,166,0.166,1.1,1.11,58.7593,(+/- 1E-06),-0.21740940999999928
ADIDAS ULTRABOOST PARLEY BLACK,TIP,1.5066666666666666,L21,L,1.5733333333333335,0.06666666666666687,ULTRABOOST PARLEY,ADIDAS ULTRABOOST PARLEY BLACK,166,0.166,1.1,1.11,58.7593,(+/- 1E-06),0.4348188200000015
ADIDAS ULTRABOOST PARLEY BLACK,TIP,1.5066666666666666,L22,L,1.45,-0.05666666666666664,ULTRABOOST PARLEY,ADIDAS ULTRABOOST PARLEY BLACK,166,0.166,1.1,1.11,58.7593,(+/- 1E-06),-0.3695959969999999
ADIDAS ULTRABOOST PARLEY BLACK,TIP,1.5066666666666666,L23,L,1.22,-0.2866666666666666,ULTRABOOST PARLEY,ADIDAS ULTRABOOST PARLEY BLACK,166,0.166,1.1,1.11,58.7593,(+/- 1E-06),-1.869720926
ADIDAS ULTRABOOST PARLEY BLACK,TIP,1.5066666666666666,L25,L,1.23,-0.2766666666666666,ULTRABOOST PARLEY,ADIDAS ULTRABOOST PARLEY BLACK,166,0.166,1.1,1.11,58.7593,(+/- 1E-06),-1.804498103
ADIDAS ULTRABOOST PARLEY BLACK,TIP,1.5066666666666666,R17,R,1.2633333333333334,-0.24333333333333318,ULTRABOOST PARLEY,ADIDAS ULTRABOOST PARLEY BLACK,166,0.166,1.1,1.11,58.7593,(+/- 1E-06),-1.5870886929999992
ADIDAS ULTRABOOST PARLEY BLACK,TIP,1.5066666666666666,R20,R,1.28,-0.22666666666666657,ULTRABOOST PARLEY,ADIDAS ULTRABOOST PARLEY BLACK,166,0.166,1.1,1.11,58.7593,(+/- 1E-06),-1.4783839879999996
ADIDAS ULTRABOOST PARLEY BLACK,TIP,1.5066666666666666,R21,R,1.4566666666666666,-0.050000000000000044,ULTRABOOST PARLEY,ADIDAS ULTRABOOST PARLEY BLACK,166,0.166,1.1,1.11,58.7593,(+/- 1E-06),-0.3261141150000003
ADIDAS ULTRABOOST PARLEY BLACK,TIP,1.5066666666666666,R23,R,1.1066666666666667,-0.3999999999999999,ULTRABOOST PARLEY,ADIDAS ULTRABOOST PARLEY BLACK,166,0.166,1.1,1.11,58.7593,(+/- 1E-06),-2.60891292
ADIDAS ULTRABOOST PARLEY BLACK,TIP,1.5066666666666666,R25,R,1.28,-0.22666666666666657,ULTRABOOST PARLEY,ADIDAS ULTRABOOST PARLEY BLACK,166,0.166,1.1,1.11,58.7593,(+/- 1E-06),-1.4783839879999996
ADIDAS ULTRABOOST PARLEY WHITE,BALL,1.7866666666666666,L16,L,0.5033333333333333,-1.2833333333333332,ULTRABOOST PARLEY,ADIDAS ULTRABOOST PARLEY WHITE,166,0.166,1.1,1.11,58.7593,(+/- 1E-06),-8.370262285
ADIDAS ULTRABOOST PARLEY WHITE,BALL,1.7866666666666666,L17,L,0.7,-1.0866666666666667,ULTRABOOST PARLEY,ADIDAS ULTRABOOST PARLEY WHITE,166,0.166,1.1,1.11,58.7593,(+/- 1E-06),-7.087546766000002
ADIDAS ULTRABOOST PARLEY WHITE,BALL,1.7866666666666666,L18,L,1.54,-0.2466666666666666,ULTRABOOST PARLEY,ADIDAS ULTRABOOST PARLEY WHITE,166,0.166,1.1,1.11,58.7593,(+/- 1E-06),-1.6088296339999997
ADIDAS ULTRABOOST PARLEY WHITE,BALL,1.7866666666666666,L19,L,1.3333333333333335,-0.45333333333333314,ULTRABOOST PARLEY,ADIDAS ULTRABOOST PARLEY WHITE,166,0.166,1.1,1.11,58.7593,(+/- 1E-06),-2.956767975999999
ADIDAS ULTRABOOST PARLEY WHITE,BALL,1.7866666666666666,L24,L,1.6733333333333333,-0.11333333333333329,ULTRABOOST PARLEY,ADIDAS ULTRABOOST PARLEY WHITE,166,0.166,1.1,1.11,58.7593,(+/- 1E-06),-0.7391919939999998
ADIDAS ULTRABOOST PARLEY WHITE,BALL,1.7866666666666666,R16,R,0.89,-0.8966666666666666,ULTRABOOST PARLEY,ADIDAS ULTRABOOST PARLEY WHITE,166,0.166,1.1,1.11,58.7593,(+/- 1E-06),-5.848313129000002
ADIDAS ULTRABOOST PARLEY WHITE,BALL,1.7866666666666666,R18,R,1.7666666666666666,-0.020000000000000018,ULTRABOOST PARLEY,ADIDAS ULTRABOOST PARLEY WHITE,166,0.166,1.1,1.11,58.7593,(+/- 1E-06),-0.13044564600000014
ADIDAS ULTRABOOST PARLEY WHITE,BALL,1.7866666666666666,R19,R,1.5233333333333334,-0.2633333333333332,ULTRABOOST PARLEY,ADIDAS ULTRABOOST PARLEY WHITE,166,0.166,1.1,1.11,58.7593,(+/- 1E-06),-1.7175343389999995
ADIDAS ULTRABOOST PARLEY WHITE,BALL,1.7866666666666666,R22,R,1.8433333333333333,0.05666666666666664,ULTRABOOST PARLEY,ADIDAS ULTRABOOST PARLEY WHITE,166,0.166,1.1,1.11,58.7593,(+/- 1E-06),0.3695959969999999
ADIDAS ULTRABOOST PARLEY WHITE,BALL,1.7866666666666666,R24,R,1.29,-0.4966666666666666,ULTRABOOST PARLEY,ADIDAS ULTRABOOST PARLEY WHITE,166,0.166,1.1,1.11,58.7593,(+/- 1E-06),-3.2394002090000007
ADIDAS ULTRABOOST PARLEY WHITE,HEEL,1.7933333333333334,L16,L,0.73,-1.0633333333333335,ULTRABOOST PARLEY,ADIDAS ULTRABOOST PARLEY WHITE,166,0.166,1.1,1.11,58.7593,(+/- 1E-06),-6.935360179000002
ADIDAS ULTRABOOST PARLEY WHITE,HEEL,1.7933333333333334,L17,L,1.0433333333333334,-0.75,ULTRABOOST PARLEY,ADIDAS ULTRABOOST PARLEY WHITE,166,0.166,1.1,1.11,58.7593,(+/- 1E-06),-4.891711725000001
ADIDAS ULTRABOOST PARLEY WHITE,HEEL,1.7933333333333334,L18,L,1.46,-0.3333333333333335,ULTRABOOST PARLEY,ADIDAS ULTRABOOST PARLEY WHITE,166,0.166,1.1,1.11,58.7593,(+/- 1E-06),-2.1740941000000014
ADIDAS ULTRABOOST PARLEY WHITE,HEEL,1.7933333333333334,L19,L,1.14,-0.6533333333333335,ULTRABOOST PARLEY,ADIDAS ULTRABOOST PARLEY WHITE,166,0.166,1.1,1.11,58.7593,(+/- 1E-06),-4.261224436000002
ADIDAS ULTRABOOST PARLEY WHITE,HEEL,1.7933333333333334,L24,L,1.5,-0.29333333333333345,ULTRABOOST PARLEY,ADIDAS ULTRABOOST PARLEY WHITE,166,0.166,1.1,1.11,58.7593,(+/- 1E-06),-1.9132028080000012
ADIDAS ULTRABOOST PARLEY WHITE,HEEL,1.7933333333333334,R16,R,1.3066666666666666,-0.4866666666666668,ULTRABOOST PARLEY,ADIDAS ULTRABOOST PARLEY WHITE,166,0.166,1.1,1.11,58.7593,(+/- 1E-06),-3.1741773860000015
ADIDAS ULTRABOOST PARLEY WHITE,HEEL,1.7933333333333334,R18,R,1.57,-0.22333333333333338,ULTRABOOST PARLEY,ADIDAS ULTRABOOST PARLEY WHITE,166,0.166,1.1,1.11,58.7593,(+/- 1E-06),-1.4566430470000007
ADIDAS ULTRABOOST PARLEY WHITE,HEEL,1.7933333333333334,R19,R,1.5233333333333334,-0.27,ULTRABOOST PARLEY,ADIDAS ULTRABOOST PARLEY WHITE,166,0.166,1.1,1.11,58.7593,(+/- 1E-06),-1.7610162210000004
ADIDAS ULTRABOOST PARLEY WHITE,HEEL,1.7933333333333334,R22,R,1.6166666666666667,-0.17666666666666675,ULTRABOOST PARLEY,ADIDAS ULTRABOOST PARLEY WHITE,166,0.166,1.1,1.11,58.7593,(+/- 1E-06),-1.1522698730000007
ADIDAS ULTRABOOST PARLEY WHITE,HEEL,1.7933333333333334,R24,R,1.58,-0.21333333333333337,ULTRABOOST PARLEY,ADIDAS ULTRABOOST PARLEY WHITE,166,0.166,1.1,1.11,58.7593,(+/- 1E-06),-1.3914202240000006
ADIDAS ULTRABOOST PARLEY WHITE,OUTER_ARCH,1.9066666666666665,L16,L,1.66,-0.2466666666666666,ULTRABOOST PARLEY,ADIDAS ULTRABOOST PARLEY WHITE,166,0.166,1.1,1.11,58.7593,(+/- 1E-06),-1.6088296339999997
ADIDAS ULTRABOOST PARLEY WHITE,OUTER_ARCH,1.9066666666666665,L17,L,1.2566666666666666,-0.6499999999999999,ULTRABOOST PARLEY,ADIDAS ULTRABOOST PARLEY WHITE,166,0.166,1.1,1.11,58.7593,(+/- 1E-06),-4.239483495
ADIDAS ULTRABOOST PARLEY WHITE,OUTER_ARCH,1.9066666666666665,L18,L,1.6033333333333333,-0.30333333333333323,ULTRABOOST PARLEY,ADIDAS ULTRABOOST PARLEY WHITE,166,0.166,1.1,1.11,58.7593,(+/- 1E-06),-1.9784256309999997
ADIDAS ULTRABOOST PARLEY WHITE,OUTER_ARCH,1.9066666666666665,L19,L,1.51,-0.3966666666666665,ULTRABOOST PARLEY,ADIDAS ULTRABOOST PARLEY WHITE,166,0.166,1.1,1.11,58.7593,(+/- 1E-06),-2.587171979
ADIDAS ULTRABOOST PARLEY WHITE,OUTER_ARCH,1.9066666666666665,L24,L,1.69,-0.21666666666666656,ULTRABOOST PARLEY,ADIDAS ULTRABOOST PARLEY WHITE,166,0.166,1.1,1.11,58.7593,(+/- 1E-06),-1.4131611649999996
ADIDAS ULTRABOOST PARLEY WHITE,OUTER_ARCH,1.9066666666666665,R16,R,1.6166666666666667,-0.2899999999999998,ULTRABOOST PARLEY,ADIDAS ULTRABOOST PARLEY WHITE,166,0.166,1.1,1.11,58.7593,(+/- 1E-06),-1.8914618669999992
ADIDAS ULTRABOOST PARLEY WHITE,OUTER_ARCH,1.9066666666666665,R18,R,1.7733333333333334,-0.13333333333333308,ULTRABOOST PARLEY,ADIDAS ULTRABOOST PARLEY WHITE,166,0.166,1.1,1.11,58.7593,(+/- 1E-06),-0.8696376399999984
ADIDAS ULTRABOOST PARLEY WHITE,OUTER_ARCH,1.9066666666666665,R19,R,1.5433333333333334,-0.36333333333333306,ULTRABOOST PARLEY,ADIDAS ULTRABOOST PARLEY WHITE,166,0.166,1.1,1.11,58.7593,(+/- 1E-06),-2.369762568999999
ADIDAS ULTRABOOST PARLEY WHITE,OUTER_ARCH,1.9066666666666665,R22,R,1.8966666666666665,-0.010000000000000009,ULTRABOOST PARLEY,ADIDAS ULTRABOOST PARLEY WHITE,166,0.166,1.1,1.11,58.7593,(+/- 1E-06),-0.06522282300000007
ADIDAS ULTRABOOST PARLEY WHITE,OUTER_ARCH,1.9066666666666665,R24,R,1.7766666666666666,-0.1299999999999999,ULTRABOOST PARLEY,ADIDAS ULTRABOOST PARLEY WHITE,166,0.166,1.1,1.11,58.7593,(+/- 1E-06),-0.8478966989999995
ADIDAS ULTRABOOST PARLEY WHITE,TIP,1.34,L16,L,1.3499999999999999,0.009999999999999787,ULTRABOOST PARLEY,ADIDAS ULTRABOOST PARLEY WHITE,166,0.166,1.1,1.11,58.7593,(+/- 1E-06),0.06522282299999863
ADIDAS ULTRABOOST PARLEY WHITE,TIP,1.34,L17,L,0.9566666666666667,-0.3833333333333334,ULTRABOOST PARLEY,ADIDAS ULTRABOOST PARLEY WHITE,166,0.166,1.1,1.11,58.7593,(+/- 1E-06),-2.500208215000001
ADIDAS ULTRABOOST PARLEY WHITE,TIP,1.34,L18,L,1.3133333333333335,-0.026666666666666616,ULTRABOOST PARLEY,ADIDAS ULTRABOOST PARLEY WHITE,166,0.166,1.1,1.11,58.7593,(+/- 1E-06),-0.1739275279999997
ADIDAS ULTRABOOST PARLEY WHITE,TIP,1.34,L19,L,1.4233333333333333,0.08333333333333326,ULTRABOOST PARLEY,ADIDAS ULTRABOOST PARLEY WHITE,166,0.166,1.1,1.11,58.7593,(+/- 1E-06),0.5435235249999996
ADIDAS ULTRABOOST PARLEY WHITE,TIP,1.34,L24,L,1.3599999999999999,0.019999999999999796,ULTRABOOST PARLEY,ADIDAS ULTRABOOST PARLEY WHITE,166,0.166,1.1,1.11,58.7593,(+/- 1E-06),0.1304456459999987
ADIDAS ULTRABOOST PARLEY WHITE,TIP,1.34,R16,R,1.24,-0.10000000000000009,ULTRABOOST PARLEY,ADIDAS ULTRABOOST PARLEY WHITE,166,0.166,1.1,1.11,58.7593,(+/- 1E-06),-0.6522282300000006
ADIDAS ULTRABOOST PARLEY WHITE,TIP,1.34,R18,R,1.1133333333333333,-0.2266666666666668,ULTRABOOST PARLEY,ADIDAS ULTRABOOST PARLEY WHITE,166,0.166,1.1,1.11,58.7593,(+/- 1E-06),-1.4783839880000011
ADIDAS ULTRABOOST PARLEY WHITE,TIP,1.34,R19,R,1.2733333333333334,-0.06666666666666665,ULTRABOOST PARLEY,ADIDAS ULTRABOOST PARLEY WHITE,166,0.166,1.1,1.11,58.7593,(+/- 1E-06),-0.43481882
ADIDAS ULTRABOOST PARLEY WHITE,TIP,1.34,R22,R,1.5766666666666667,0.23666666666666658,ULTRABOOST PARLEY,ADIDAS ULTRABOOST PARLEY WHITE,166,0.166,1.1,1.11,58.7593,(+/- 1E-06),1.5436068109999999
ADIDAS ULTRABOOST PARLEY WHITE,TIP,1.34,R24,R,1.27,-0.07000000000000006,ULTRABOOST PARLEY,ADIDAS ULTRABOOST PARLEY WHITE,166,0.166,1.1,1.11,58.7593,(+/- 1E-06),-0.4565597610000005
ADIDAS ULTRATECH,BALL,3.205,L69,L,2.9966666666666666,-0.20833333333333348,ULTRA TECH,ADIDAS ULTRATECH,62.3,0.0623,1.11,1.124,49.2,NA,-1.152100000000001
ADIDAS ULTRATECH,BALL,3.205,L70,L,3.16,-0.04499999999999993,ULTRA TECH,ADIDAS ULTRATECH,62.3,0.0623,1.11,1.124,49.2,NA,-0.24885359999999962
ADIDAS ULTRATECH,BALL,3.205,L71,L,3.18,-0.02499999999999991,ULTRA TECH,ADIDAS ULTRATECH,62.3,0.0623,1.11,1.124,49.2,NA,-0.13825199999999954
ADIDAS ULTRATECH,BALL,3.205,L73,L,3.2133333333333334,0.008333333333333304,ULTRA TECH,ADIDAS ULTRATECH,62.3,0.0623,1.11,1.124,49.2,NA,0.04608399999999985
ADIDAS ULTRATECH,BALL,3.205,R69,R,3.1,-0.10499999999999998,ULTRA TECH,ADIDAS ULTRATECH,62.3,0.0623,1.11,1.124,49.2,NA,-0.5806584
ADIDAS ULTRATECH,BALL,3.205,R70,R,3.11,-0.0950000000000002,ULTRA TECH,ADIDAS ULTRATECH,62.3,0.0623,1.11,1.124,49.2,NA,-0.5253576000000012
ADIDAS ULTRATECH,BALL,3.205,R71,R,3.0533333333333332,-0.15166666666666684,ULTRA TECH,ADIDAS ULTRATECH,62.3,0.0623,1.11,1.124,49.2,NA,-0.8387288000000012
ADIDAS ULTRATECH,BALL,3.205,R72,L,2.276666666666667,-0.9283333333333332,ULTRA TECH,ADIDAS ULTRATECH,62.3,0.0623,1.11,1.124,49.2,NA,-5.1337576
ADIDAS ULTRATECH,BALL,3.205,R72,R,2.0366666666666666,-1.1683333333333334,ULTRA TECH,ADIDAS ULTRATECH,62.3,0.0623,1.11,1.124,49.2,NA,-6.460976800000002
ADIDAS ULTRATECH,BALL,3.205,R73,R,3.36,0.1549999999999998,ULTRA TECH,ADIDAS ULTRATECH,62.3,0.0623,1.11,1.124,49.2,NA,0.857162399999999
ADIDAS ULTRATECH,HEEL,3.865,L69,L,3.77,-0.0950000000000002,ULTRA TECH,ADIDAS ULTRATECH,62.3,0.0623,1.11,1.124,49.2,NA,-0.5253576000000012
ADIDAS ULTRATECH,HEEL,3.865,L70,L,3.7966666666666664,-0.0683333333333338,ULTRA TECH,ADIDAS ULTRATECH,62.3,0.0623,1.11,1.124,49.2,NA,-0.37788880000000263
ADIDAS ULTRATECH,HEEL,3.865,L71,L,3.6566666666666667,-0.20833333333333348,ULTRA TECH,ADIDAS ULTRATECH,62.3,0.0623,1.11,1.124,49.2,NA,-1.152100000000001
ADIDAS ULTRATECH,HEEL,3.865,L73,L,3.9,0.0349999999999997,ULTRA TECH,ADIDAS ULTRATECH,62.3,0.0623,1.11,1.124,49.2,NA,0.1935527999999984
ADIDAS ULTRATECH,HEEL,3.865,R69,R,3.81,-0.05500000000000016,ULTRA TECH,ADIDAS ULTRATECH,62.3,0.0623,1.11,1.124,49.2,NA,-0.30415440000000094
ADIDAS ULTRATECH,HEEL,3.865,R70,R,4.003333333333333,0.13833333333333275,ULTRA TECH,ADIDAS ULTRATECH,62.3,0.0623,1.11,1.124,49.2,NA,0.764994399999997
ADIDAS ULTRATECH,HEEL,3.865,R71,R,3.9066666666666667,0.04166666666666652,ULTRA TECH,ADIDAS ULTRATECH,62.3,0.0623,1.11,1.124,49.2,NA,0.2304199999999992
ADIDAS ULTRATECH,HEEL,3.865,R72,L,3.55,-0.3150000000000004,ULTRA TECH,ADIDAS ULTRATECH,62.3,0.0623,1.11,1.124,49.2,NA,-1.7419752000000024
ADIDAS ULTRATECH,HEEL,3.865,R72,R,3.4466666666666668,-0.41833333333333345,ULTRA TECH,ADIDAS ULTRATECH,62.3,0.0623,1.11,1.124,49.2,NA,-2.313416800000001
ADIDAS ULTRATECH,HEEL,3.865,R73,R,4.016666666666667,0.1516666666666664,ULTRA TECH,ADIDAS ULTRATECH,62.3,0.0623,1.11,1.124,49.2,NA,0.8387287999999987
ADIDAS ULTRATECH,OUTER_ARCH,3.3666666666666667,L69,L,3.26,-0.10666666666666691,ULTRA TECH,ADIDAS ULTRATECH,62.3,0.0623,1.11,1.124,49.2,NA,-0.5898752000000015
ADIDAS ULTRATECH,OUTER_ARCH,3.3666666666666667,L70,L,3.1366666666666667,-0.22999999999999998,ULTRA TECH,ADIDAS ULTRATECH,62.3,0.0623,1.11,1.124,49.2,NA,-1.2719184000000003
ADIDAS ULTRATECH,OUTER_ARCH,3.3666666666666667,L71,L,3.6,0.2333333333333334,ULTRA TECH,ADIDAS ULTRATECH,62.3,0.0623,1.11,1.124,49.2,NA,1.2903520000000006
ADIDAS ULTRATECH,OUTER_ARCH,3.3666666666666667,L73,L,3.3866666666666667,0.020000000000000018,ULTRA TECH,ADIDAS ULTRATECH,62.3,0.0623,1.11,1.124,49.2,NA,0.11060160000000012
ADIDAS ULTRATECH,OUTER_ARCH,3.3666666666666667,R69,R,3.1,-0.2666666666666666,ULTRA TECH,ADIDAS ULTRATECH,62.3,0.0623,1.11,1.124,49.2,NA,-1.474688
ADIDAS ULTRATECH,OUTER_ARCH,3.3666666666666667,R70,R,3.2133333333333334,-0.15333333333333332,ULTRA TECH,ADIDAS ULTRATECH,62.3,0.0623,1.11,1.124,49.2,NA,-0.8479456000000002
ADIDAS ULTRATECH,OUTER_ARCH,3.3666666666666667,R71,R,3.4433333333333334,0.07666666666666666,ULTRA TECH,ADIDAS ULTRATECH,62.3,0.0623,1.11,1.124,49.2,NA,0.4239728000000001
ADIDAS ULTRATECH,OUTER_ARCH,3.3666666666666667,R72,L,2.756666666666667,-0.6099999999999999,ULTRA TECH,ADIDAS ULTRATECH,62.3,0.0623,1.11,1.124,49.2,NA,-3.3733488
ADIDAS ULTRATECH,OUTER_ARCH,3.3666666666666667,R72,R,2.856666666666667,-0.5099999999999998,ULTRA TECH,ADIDAS ULTRATECH,62.3,0.0623,1.11,1.124,49.2,NA,-2.8203407999999994
ADIDAS ULTRATECH,OUTER_ARCH,3.3666666666666667,R73,R,3.62,0.2533333333333334,ULTRA TECH,ADIDAS ULTRATECH,62.3,0.0623,1.11,1.124,49.2,NA,1.4009536000000007
ADIDAS ULTRATECH,TIP,3.2983333333333333,L69,L,3.2,-0.09833333333333316,ULTRA TECH,ADIDAS ULTRATECH,62.3,0.0623,1.11,1.124,49.2,NA,-0.5437911999999993
ADIDAS ULTRATECH,TIP,3.2983333333333333,L70,L,3.18,-0.11833333333333318,ULTRA TECH,ADIDAS ULTRATECH,62.3,0.0623,1.11,1.124,49.2,NA,-0.6543927999999993
ADIDAS ULTRATECH,TIP,3.2983333333333333,L71,L,3.256666666666667,-0.04166666666666652,ULTRA TECH,ADIDAS ULTRATECH,62.3,0.0623,1.11,1.124,49.2,NA,-0.2304199999999992
ADIDAS ULTRATECH,TIP,3.2983333333333333,L73,L,3.27,-0.02833333333333332,ULTRA TECH,ADIDAS ULTRATECH,62.3,0.0623,1.11,1.124,49.2,NA,-0.15668559999999998
ADIDAS ULTRATECH,TIP,3.2983333333333333,R69,R,3.3666666666666667,0.06833333333333336,ULTRA TECH,ADIDAS ULTRATECH,62.3,0.0623,1.11,1.124,49.2,NA,0.37788880000000025
ADIDAS ULTRATECH,TIP,3.2983333333333333,R70,R,3.3233333333333333,0.02499999999999991,ULTRA TECH,ADIDAS ULTRATECH,62.3,0.0623,1.11,1.124,49.2,NA,0.13825199999999954
ADIDAS ULTRATECH,TIP,3.2983333333333333,R71,R,3.3066666666666666,0.008333333333333304,ULTRA TECH,ADIDAS ULTRATECH,62.3,0.0623,1.11,1.124,49.2,NA,0.04608399999999985
ADIDAS ULTRATECH,TIP,3.2983333333333333,R72,L,2.243333333333333,-1.0550000000000002,ULTRA TECH,ADIDAS ULTRATECH,62.3,0.0623,1.11,1.124,49.2,NA,-5.834234400000002
ADIDAS ULTRATECH,TIP,3.2983333333333333,R72,R,2.1066666666666665,-1.1916666666666669,ULTRA TECH,ADIDAS ULTRATECH,62.3,0.0623,1.11,1.124,49.2,NA,-6.590012000000003
ADIDAS ULTRATECH,TIP,3.2983333333333333,R73,R,3.3933333333333335,0.0950000000000002,ULTRA TECH,ADIDAS ULTRATECH,62.3,0.0623,1.11,1.124,49.2,NA,0.5253576000000012
PARLEY PRIME LTD ADIZERO BLACK,BALL,2.05,L33,L,1.6166666666666667,-0.4333333333333331,ADIZERO PRIME LTD,PARLEY PRIME LTD ADIZERO BLACK,58,0.058,1.1,1.12,63.3,NA,-3.072159999999999
PARLEY PRIME LTD ADIZERO BLACK,BALL,2.05,L42,L,0.7833333333333333,-1.2666666666666666,ADIZERO PRIME LTD,PARLEY PRIME LTD ADIZERO BLACK,58,0.058,1.1,1.12,63.3,NA,-8.980160000000001
PARLEY PRIME LTD ADIZERO BLACK,BALL,2.05,L43,L,1.7433333333333334,-0.3066666666666664,ADIZERO PRIME LTD,PARLEY PRIME LTD ADIZERO BLACK,58,0.058,1.1,1.12,63.3,NA,-2.1741439999999983
PARLEY PRIME LTD ADIZERO BLACK,BALL,2.05,L45,L,1.8466666666666667,-0.20333333333333314,ADIZERO PRIME LTD,PARLEY PRIME LTD ADIZERO BLACK,58,0.058,1.1,1.12,63.3,NA,-1.4415519999999988
PARLEY PRIME LTD ADIZERO BLACK,BALL,2.05,L46,L,1.5,-0.5499999999999998,ADIZERO PRIME LTD,PARLEY PRIME LTD ADIZERO BLACK,58,0.058,1.1,1.12,63.3,NA,-3.899279999999999
PARLEY PRIME LTD ADIZERO BLACK,BALL,2.05,R33,R,1.5666666666666667,-0.48333333333333317,ADIZERO PRIME LTD,PARLEY PRIME LTD ADIZERO BLACK,58,0.058,1.1,1.12,63.3,NA,-3.4266399999999995
PARLEY PRIME LTD ADIZERO BLACK,BALL,2.05,R42,R,0.6633333333333333,-1.3866666666666665,ADIZERO PRIME LTD,PARLEY PRIME LTD ADIZERO BLACK,58,0.058,1.1,1.12,63.3,NA,-9.830912
PARLEY PRIME LTD ADIZERO BLACK,BALL,2.05,R43,R,1.5066666666666666,-0.5433333333333332,ADIZERO PRIME LTD,PARLEY PRIME LTD ADIZERO BLACK,58,0.058,1.1,1.12,63.3,NA,-3.8520159999999994
PARLEY PRIME LTD ADIZERO BLACK,BALL,2.05,R45,R,1.5866666666666667,-0.46333333333333315,ADIZERO PRIME LTD,PARLEY PRIME LTD ADIZERO BLACK,58,0.058,1.1,1.12,63.3,NA,-3.284847999999999
PARLEY PRIME LTD ADIZERO BLACK,BALL,2.05,R46,R,1.7033333333333334,-0.34666666666666646,ADIZERO PRIME LTD,PARLEY PRIME LTD ADIZERO BLACK,58,0.058,1.1,1.12,63.3,NA,-2.4577279999999986
PARLEY PRIME LTD ADIZERO BLACK,HEEL,1.495,L33,L,1.26,-0.2350000000000001,ADIZERO PRIME LTD,PARLEY PRIME LTD ADIZERO BLACK,58,0.058,1.1,1.12,63.3,NA,-1.6660560000000009
PARLEY PRIME LTD ADIZERO BLACK,HEEL,1.495,L42,L,1.0566666666666666,-0.43833333333333346,ADIZERO PRIME LTD,PARLEY PRIME LTD ADIZERO BLACK,58,0.058,1.1,1.12,63.3,NA,-3.1076080000000013
PARLEY PRIME LTD ADIZERO BLACK,HEEL,1.495,L43,L,1.34,-0.15500000000000003,ADIZERO PRIME LTD,PARLEY PRIME LTD ADIZERO BLACK,58,0.058,1.1,1.12,63.3,NA,-1.098888
PARLEY PRIME LTD ADIZERO BLACK,HEEL,1.495,L45,L,1.22,-0.27500000000000013,ADIZERO PRIME LTD,PARLEY PRIME LTD ADIZERO BLACK,58,0.058,1.1,1.12,63.3,NA,-1.9496400000000011
PARLEY PRIME LTD ADIZERO BLACK,HEEL,1.495,L46,L,1.1933333333333334,-0.30166666666666675,ADIZERO PRIME LTD,PARLEY PRIME LTD ADIZERO BLACK,58,0.058,1.1,1.12,63.3,NA,-2.138696000000001
PARLEY PRIME LTD ADIZERO BLACK,HEEL,1.495,R33,R,1.12,-0.375,ADIZERO PRIME LTD,PARLEY PRIME LTD ADIZERO BLACK,58,0.058,1.1,1.12,63.3,NA,-2.6586000000000003
PARLEY PRIME LTD ADIZERO BLACK,HEEL,1.495,R42,R,1.2466666666666666,-0.24833333333333352,ADIZERO PRIME LTD,PARLEY PRIME LTD ADIZERO BLACK,58,0.058,1.1,1.12,63.3,NA,-1.7605840000000015
PARLEY PRIME LTD ADIZERO BLACK,HEEL,1.495,R43,R,1.2933333333333334,-0.20166666666666666,ADIZERO PRIME LTD,PARLEY PRIME LTD ADIZERO BLACK,58,0.058,1.1,1.12,63.3,NA,-1.4297360000000001
PARLEY PRIME LTD ADIZERO BLACK,HEEL,1.495,R45,R,1.1,-0.395,ADIZERO PRIME LTD,PARLEY PRIME LTD ADIZERO BLACK,58,0.058,1.1,1.12,63.3,NA,-2.800392000000001
PARLEY PRIME LTD ADIZERO BLACK,HEEL,1.495,R46,R,1.17,-0.3250000000000002,ADIZERO PRIME LTD,PARLEY PRIME LTD ADIZERO BLACK,58,0.058,1.1,1.12,63.3,NA,-2.304120000000002
PARLEY PRIME LTD ADIZERO BLACK,OUTER_ARCH,1.0766666666666667,L33,L,0.9266666666666666,-0.15000000000000002,ADIZERO PRIME LTD,PARLEY PRIME LTD ADIZERO BLACK,58,0.058,1.1,1.12,63.3,NA,-1.0634400000000004
PARLEY PRIME LTD ADIZERO BLACK,OUTER_ARCH,1.0766666666666667,L42,L,0.27666666666666667,-0.8,ADIZERO PRIME LTD,PARLEY PRIME LTD ADIZERO BLACK,58,0.058,1.1,1.12,63.3,NA,-5.671680000000001
PARLEY PRIME LTD ADIZERO BLACK,OUTER_ARCH,1.0766666666666667,L43,L,0.8200000000000001,-0.2566666666666666,ADIZERO PRIME LTD,PARLEY PRIME LTD ADIZERO BLACK,58,0.058,1.1,1.12,63.3,NA,-1.8196639999999997
PARLEY PRIME LTD ADIZERO BLACK,OUTER_ARCH,1.0766666666666667,L45,L,0.85,-0.22666666666666668,ADIZERO PRIME LTD,PARLEY PRIME LTD ADIZERO BLACK,58,0.058,1.1,1.12,63.3,NA,-1.6069760000000002
PARLEY PRIME LTD ADIZERO BLACK,OUTER_ARCH,1.0766666666666667,L46,L,0.8666666666666667,-0.20999999999999996,ADIZERO PRIME LTD,PARLEY PRIME LTD ADIZERO BLACK,58,0.058,1.1,1.12,63.3,NA,-1.488816
PARLEY PRIME LTD ADIZERO BLACK,OUTER_ARCH,1.0766666666666667,R33,R,1.14,0.06333333333333324,ADIZERO PRIME LTD,PARLEY PRIME LTD ADIZERO BLACK,58,0.058,1.1,1.12,63.3,NA,0.4490079999999994
PARLEY PRIME LTD ADIZERO BLACK,OUTER_ARCH,1.0766666666666667,R42,R,0.2966666666666667,-0.78,ADIZERO PRIME LTD,PARLEY PRIME LTD ADIZERO BLACK,58,0.058,1.1,1.12,63.3,NA,-5.5298880000000015
PARLEY PRIME LTD ADIZERO BLACK,OUTER_ARCH,1.0766666666666667,R43,R,1.2266666666666666,0.1499999999999999,ADIZERO PRIME LTD,PARLEY PRIME LTD ADIZERO BLACK,58,0.058,1.1,1.12,63.3,NA,1.0634399999999995
PARLEY PRIME LTD ADIZERO BLACK,OUTER_ARCH,1.0766666666666667,R45,R,1.1133333333333333,0.036666666666666625,ADIZERO PRIME LTD,PARLEY PRIME LTD ADIZERO BLACK,58,0.058,1.1,1.12,63.3,NA,0.25995199999999974
PARLEY PRIME LTD ADIZERO BLACK,OUTER_ARCH,1.0766666666666667,R46,R,0.6766666666666666,-0.4,ADIZERO PRIME LTD,PARLEY PRIME LTD ADIZERO BLACK,58,0.058,1.1,1.12,63.3,NA,-2.8358400000000006
PARLEY PRIME LTD ADIZERO BLACK,TIP,1.5433333333333334,L33,L,1.3033333333333335,-0.24,ADIZERO PRIME LTD,PARLEY PRIME LTD ADIZERO BLACK,58,0.058,1.1,1.12,63.3,NA,-1.7015040000000001
PARLEY PRIME LTD ADIZERO BLACK,TIP,1.5433333333333334,L42,L,0.5466666666666666,-0.9966666666666668,ADIZERO PRIME LTD,PARLEY PRIME LTD ADIZERO BLACK,58,0.058,1.1,1.12,63.3,NA,-7.065968000000002
PARLEY PRIME LTD ADIZERO BLACK,TIP,1.5433333333333334,L43,L,1.0666666666666667,-0.4766666666666668,ADIZERO PRIME LTD,PARLEY PRIME LTD ADIZERO BLACK,58,0.058,1.1,1.12,63.3,NA,-3.3793760000000015
PARLEY PRIME LTD ADIZERO BLACK,TIP,1.5433333333333334,L45,L,1.11,-0.43333333333333335,ADIZERO PRIME LTD,PARLEY PRIME LTD ADIZERO BLACK,58,0.058,1.1,1.12,63.3,NA,-3.0721600000000002
PARLEY PRIME LTD ADIZERO BLACK,TIP,1.5433333333333334,L46,L,0.9966666666666667,-0.5466666666666667,ADIZERO PRIME LTD,PARLEY PRIME LTD ADIZERO BLACK,58,0.058,1.1,1.12,63.3,NA,-3.875648000000001
PARLEY PRIME LTD ADIZERO BLACK,TIP,1.5433333333333334,R33,R,1.3266666666666667,-0.21666666666666679,ADIZERO PRIME LTD,PARLEY PRIME LTD ADIZERO BLACK,58,0.058,1.1,1.12,63.3,NA,-1.5360800000000012
PARLEY PRIME LTD ADIZERO BLACK,TIP,1.5433333333333334,R42,R,0.79,-0.7533333333333334,ADIZERO PRIME LTD,PARLEY PRIME LTD ADIZERO BLACK,58,0.058,1.1,1.12,63.3,NA,-5.340832000000002
PARLEY PRIME LTD ADIZERO BLACK,TIP,1.5433333333333334,R43,R,1.2133333333333334,-0.33000000000000007,ADIZERO PRIME LTD,PARLEY PRIME LTD ADIZERO BLACK,58,0.058,1.1,1.12,63.3,NA,-2.3395680000000008
PARLEY PRIME LTD ADIZERO BLACK,TIP,1.5433333333333334,R45,R,1.09,-0.45333333333333337,ADIZERO PRIME LTD,PARLEY PRIME LTD ADIZERO BLACK,58,0.058,1.1,1.12,63.3,NA,-3.2139520000000004
PARLEY PRIME LTD ADIZERO BLACK,TIP,1.5433333333333334,R46,R,1.11,-0.43333333333333335,ADIZERO PRIME LTD,PARLEY PRIME LTD ADIZERO BLACK,58,0.058,1.1,1.12,63.3,NA,-3.0721600000000002
PARLEY PRIME LTD ADIZERO WHITE,BALL,1.75,L32,L,0.93,-0.82,ADIZERO PRIME LTD,PARLEY PRIME LTD ADIZERO WHITE,166,0.166,1.1,1.11,63.3,NA,-5.761566000000001
PARLEY PRIME LTD ADIZERO WHITE,BALL,1.75,L39,L,1.3,-0.44999999999999996,ADIZERO PRIME LTD,PARLEY PRIME LTD ADIZERO WHITE,166,0.166,1.1,1.11,63.3,NA,-3.161835
PARLEY PRIME LTD ADIZERO WHITE,BALL,1.75,L40,L,0.5733333333333334,-1.1766666666666667,ADIZERO PRIME LTD,PARLEY PRIME LTD ADIZERO WHITE,166,0.166,1.1,1.11,63.3,NA,-8.267613
PARLEY PRIME LTD ADIZERO WHITE,BALL,1.75,L41,L,1.7566666666666666,0.006666666666666599,ADIZERO PRIME LTD,PARLEY PRIME LTD ADIZERO WHITE,166,0.166,1.1,1.11,63.3,NA,0.04684199999999953
PARLEY PRIME LTD ADIZERO WHITE,BALL,1.75,L44,L,1.1933333333333334,-0.5566666666666666,ADIZERO PRIME LTD,PARLEY PRIME LTD ADIZERO WHITE,166,0.166,1.1,1.11,63.3,NA,-3.9113070000000008
PARLEY PRIME LTD ADIZERO WHITE,BALL,1.75,R32,R,0.8066666666666666,-0.9433333333333334,ADIZERO PRIME LTD,PARLEY PRIME LTD ADIZERO WHITE,166,0.166,1.1,1.11,63.3,NA,-6.628143000000001
PARLEY PRIME LTD ADIZERO WHITE,BALL,1.75,R39,R,1.5466666666666666,-0.20333333333333337,ADIZERO PRIME LTD,PARLEY PRIME LTD ADIZERO WHITE,166,0.166,1.1,1.11,63.3,NA,-1.4286810000000003
PARLEY PRIME LTD ADIZERO WHITE,BALL,1.75,R40,R,0.6666666666666667,-1.0833333333333333,ADIZERO PRIME LTD,PARLEY PRIME LTD ADIZERO WHITE,166,0.166,1.1,1.11,63.3,NA,-7.6118250000000005
PARLEY PRIME LTD ADIZERO WHITE,BALL,1.75,R41,R,1.76,0.010000000000000009,ADIZERO PRIME LTD,PARLEY PRIME LTD ADIZERO WHITE,166,0.166,1.1,1.11,63.3,NA,0.07026300000000008
PARLEY PRIME LTD ADIZERO WHITE,BALL,1.75,R44,R,1.1033333333333335,-0.6466666666666665,ADIZERO PRIME LTD,PARLEY PRIME LTD ADIZERO WHITE,166,0.166,1.1,1.11,63.3,NA,-4.543673999999998
PARLEY PRIME LTD ADIZERO WHITE,HEEL,1.3633333333333333,L32,L,1.3833333333333333,0.020000000000000018,ADIZERO PRIME LTD,PARLEY PRIME LTD ADIZERO WHITE,166,0.166,1.1,1.11,63.3,NA,0.14052600000000015
PARLEY PRIME LTD ADIZERO WHITE,HEEL,1.3633333333333333,L39,L,1.2966666666666666,-0.06666666666666665,ADIZERO PRIME LTD,PARLEY PRIME LTD ADIZERO WHITE,166,0.166,1.1,1.11,63.3,NA,-0.46841999999999995
PARLEY PRIME LTD ADIZERO WHITE,HEEL,1.3633333333333333,L40,L,1.0633333333333335,-0.2999999999999998,ADIZERO PRIME LTD,PARLEY PRIME LTD ADIZERO WHITE,166,0.166,1.1,1.11,63.3,NA,-2.1078899999999994
PARLEY PRIME LTD ADIZERO WHITE,HEEL,1.3633333333333333,L41,L,1.4033333333333333,0.040000000000000036,ADIZERO PRIME LTD,PARLEY PRIME LTD ADIZERO WHITE,166,0.166,1.1,1.11,63.3,NA,0.2810520000000003
PARLEY PRIME LTD ADIZERO WHITE,HEEL,1.3633333333333333,L44,L,1.3333333333333333,-0.030000000000000027,ADIZERO PRIME LTD,PARLEY PRIME LTD ADIZERO WHITE,166,0.166,1.1,1.11,63.3,NA,-0.2107890000000002
PARLEY PRIME LTD ADIZERO WHITE,HEEL,1.3633333333333333,R32,R,1.2066666666666666,-0.15666666666666673,ADIZERO PRIME LTD,PARLEY PRIME LTD ADIZERO WHITE,166,0.166,1.1,1.11,63.3,NA,-1.1007870000000006
PARLEY PRIME LTD ADIZERO WHITE,HEEL,1.3633333333333333,R39,R,1.2133333333333334,-0.1499999999999999,ADIZERO PRIME LTD,PARLEY PRIME LTD ADIZERO WHITE,166,0.166,1.1,1.11,63.3,NA,-1.0539449999999997
PARLEY PRIME LTD ADIZERO WHITE,HEEL,1.3633333333333333,R40,R,0.6933333333333334,-0.6699999999999999,ADIZERO PRIME LTD,PARLEY PRIME LTD ADIZERO WHITE,166,0.166,1.1,1.11,63.3,NA,-4.707621
PARLEY PRIME LTD ADIZERO WHITE,HEEL,1.3633333333333333,R41,R,1.2833333333333334,-0.07999999999999985,ADIZERO PRIME LTD,PARLEY PRIME LTD ADIZERO WHITE,166,0.166,1.1,1.11,63.3,NA,-0.5621039999999989
PARLEY PRIME LTD ADIZERO WHITE,HEEL,1.3633333333333333,R44,R,1.16,-0.20333333333333337,ADIZERO PRIME LTD,PARLEY PRIME LTD ADIZERO WHITE,166,0.166,1.1,1.11,63.3,NA,-1.4286810000000003
PARLEY PRIME LTD ADIZERO WHITE,OUTER_ARCH,0.99,L32,L,1.0133333333333334,0.023333333333333428,ADIZERO PRIME LTD,PARLEY PRIME LTD ADIZERO WHITE,166,0.166,1.1,1.11,63.3,NA,0.1639470000000007
PARLEY PRIME LTD ADIZERO WHITE,OUTER_ARCH,0.99,L39,L,1.0866666666666667,0.09666666666666668,ADIZERO PRIME LTD,PARLEY PRIME LTD ADIZERO WHITE,166,0.166,1.1,1.11,63.3,NA,0.6792090000000002
PARLEY PRIME LTD ADIZERO WHITE,OUTER_ARCH,0.99,L40,L,0.81,-0.17999999999999994,ADIZERO PRIME LTD,PARLEY PRIME LTD ADIZERO WHITE,166,0.166,1.1,1.11,63.3,NA,-1.2647339999999998
PARLEY PRIME LTD ADIZERO WHITE,OUTER_ARCH,0.99,L41,L,1.15,0.15999999999999992,ADIZERO PRIME LTD,PARLEY PRIME LTD ADIZERO WHITE,166,0.166,1.1,1.11,63.3,NA,1.1242079999999997
PARLEY PRIME LTD ADIZERO WHITE,OUTER_ARCH,0.99,L44,L,0.73,-0.26,ADIZERO PRIME LTD,PARLEY PRIME LTD ADIZERO WHITE,166,0.166,1.1,1.11,63.3,NA,-1.8268380000000002
PARLEY PRIME LTD ADIZERO WHITE,OUTER_ARCH,0.99,R32,R,0.84,-0.15000000000000002,ADIZERO PRIME LTD,PARLEY PRIME LTD ADIZERO WHITE,166,0.166,1.1,1.11,63.3,NA,-1.0539450000000004
PARLEY PRIME LTD ADIZERO WHITE,OUTER_ARCH,0.99,R39,R,1.0633333333333335,0.07333333333333347,ADIZERO PRIME LTD,PARLEY PRIME LTD ADIZERO WHITE,166,0.166,1.1,1.11,63.3,NA,0.5152620000000011
PARLEY PRIME LTD ADIZERO WHITE,OUTER_ARCH,0.99,R40,R,0,-0.99,ADIZERO PRIME LTD,PARLEY PRIME LTD ADIZERO WHITE,166,0.166,1.1,1.11,63.3,NA,-6.956037
PARLEY PRIME LTD ADIZERO WHITE,OUTER_ARCH,0.99,R41,R,1.1066666666666667,0.1166666666666667,ADIZERO PRIME LTD,PARLEY PRIME LTD ADIZERO WHITE,166,0.166,1.1,1.11,63.3,NA,0.8197350000000003
PARLEY PRIME LTD ADIZERO WHITE,OUTER_ARCH,0.99,R44,R,0.9833333333333334,-0.006666666666666599,ADIZERO PRIME LTD,PARLEY PRIME LTD ADIZERO WHITE,166,0.166,1.1,1.11,63.3,NA,-0.04684199999999953
PARLEY PRIME LTD ADIZERO WHITE,TIP,1.3916666666666666,L32,L,0.21333333333333335,-1.1783333333333332,ADIZERO PRIME LTD,PARLEY PRIME LTD ADIZERO WHITE,166,0.166,1.1,1.11,63.3,NA,-8.2793235
PARLEY PRIME LTD ADIZERO WHITE,TIP,1.3916666666666666,L39,L,1.0933333333333335,-0.2983333333333331,ADIZERO PRIME LTD,PARLEY PRIME LTD ADIZERO WHITE,166,0.166,1.1,1.11,63.3,NA,-2.0961794999999985
PARLEY PRIME LTD ADIZERO WHITE,TIP,1.3916666666666666,L40,L,0.22333333333333333,-1.1683333333333332,ADIZERO PRIME LTD,PARLEY PRIME LTD ADIZERO WHITE,166,0.166,1.1,1.11,63.3,NA,-8.2090605
PARLEY PRIME LTD ADIZERO WHITE,TIP,1.3916666666666666,L41,L,1.2366666666666668,-0.1549999999999998,ADIZERO PRIME LTD,PARLEY PRIME LTD ADIZERO WHITE,166,0.166,1.1,1.11,63.3,NA,-1.0890764999999987
PARLEY PRIME LTD ADIZERO WHITE,TIP,1.3916666666666666,L44,L,0.71,-0.6816666666666666,ADIZERO PRIME LTD,PARLEY PRIME LTD ADIZERO WHITE,166,0.166,1.1,1.11,63.3,NA,-4.789594500000001
PARLEY PRIME LTD ADIZERO WHITE,TIP,1.3916666666666666,R32,R,0.8666666666666667,-0.5249999999999999,ADIZERO PRIME LTD,PARLEY PRIME LTD ADIZERO WHITE,166,0.166,1.1,1.11,63.3,NA,-3.6888074999999994
PARLEY PRIME LTD ADIZERO WHITE,TIP,1.3916666666666666,R39,R,1.03,-0.3616666666666666,ADIZERO PRIME LTD,PARLEY PRIME LTD ADIZERO WHITE,166,0.166,1.1,1.11,63.3,NA,-2.5411784999999996
PARLEY PRIME LTD ADIZERO WHITE,TIP,1.3916666666666666,R40,R,0.3566666666666667,-1.035,ADIZERO PRIME LTD,PARLEY PRIME LTD ADIZERO WHITE,166,0.166,1.1,1.11,63.3,NA,-7.2722204999999995
PARLEY PRIME LTD ADIZERO WHITE,TIP,1.3916666666666666,R41,R,1.5066666666666666,0.11499999999999999,ADIZERO PRIME LTD,PARLEY PRIME LTD ADIZERO WHITE,166,0.166,1.1,1.11,63.3,NA,0.8080245
PARLEY PRIME LTD ADIZERO WHITE,TIP,1.3916666666666666,R44,R,0.8233333333333334,-0.5683333333333332,ADIZERO PRIME LTD,PARLEY PRIME LTD ADIZERO WHITE,166,0.166,1.1,1.11,63.3,NA,-3.9932805
REEBOK BOLTON,BALL,3.015,L78,L,2.75,-0.2650000000000001,BOLTON ESSENTIAL MU,REEBOK BOLTON,53,0.053,1.1,1.09,NA,NA,NA
REEBOK BOLTON,BALL,3.015,L79,L,2.8266666666666667,-0.18833333333333346,BOLTON ESSENTIAL MU,REEBOK BOLTON,53,0.053,1.1,1.09,NA,NA,NA
REEBOK BOLTON,BALL,3.015,R78,R,2.8133333333333335,-0.20166666666666666,BOLTON ESSENTIAL MU,REEBOK BOLTON,53,0.053,1.1,1.09,NA,NA,NA
REEBOK BOLTON,BALL,3.015,R79,R,2.8266666666666667,-0.18833333333333346,BOLTON ESSENTIAL MU,REEBOK BOLTON,53,0.053,1.1,1.09,NA,NA,NA
REEBOK BOLTON,HEEL,1.87,L78,L,1.7466666666666666,-0.12333333333333352,BOLTON ESSENTIAL MU,REEBOK BOLTON,53,0.053,1.1,1.09,NA,NA,NA
REEBOK BOLTON,HEEL,1.87,L79,L,1.9066666666666665,0.0366666666666664,BOLTON ESSENTIAL MU,REEBOK BOLTON,53,0.053,1.1,1.09,NA,NA,NA
REEBOK BOLTON,HEEL,1.87,R78,R,2.0666666666666664,0.19666666666666632,BOLTON ESSENTIAL MU,REEBOK BOLTON,53,0.053,1.1,1.09,NA,NA,NA
REEBOK BOLTON,HEEL,1.87,R79,R,2.0166666666666666,0.1466666666666665,BOLTON ESSENTIAL MU,REEBOK BOLTON,53,0.053,1.1,1.09,NA,NA,NA
REEBOK BOLTON,OUTER_ARCH,2.9699999999999998,L78,L,2.9066666666666667,-0.06333333333333302,BOLTON ESSENTIAL MU,REEBOK BOLTON,53,0.053,1.1,1.09,NA,NA,NA
REEBOK BOLTON,OUTER_ARCH,2.9699999999999998,L79,L,3.026666666666667,0.05666666666666709,BOLTON ESSENTIAL MU,REEBOK BOLTON,53,0.053,1.1,1.09,NA,NA,NA
REEBOK BOLTON,OUTER_ARCH,2.9699999999999998,R78,R,2.9566666666666666,-0.013333333333333197,BOLTON ESSENTIAL MU,REEBOK BOLTON,53,0.053,1.1,1.09,NA,NA,NA
REEBOK BOLTON,OUTER_ARCH,2.9699999999999998,R79,R,2.9633333333333334,-0.0066666666666663765,BOLTON ESSENTIAL MU,REEBOK BOLTON,53,0.053,1.1,1.09,NA,NA,NA
REEBOK BOLTON,TIP,1.42,L78,L,1.4033333333333333,-0.016666666666666607,BOLTON ESSENTIAL MU,REEBOK BOLTON,53,0.053,1.1,1.09,NA,NA,NA
REEBOK BOLTON,TIP,1.42,L79,L,1.4266666666666665,0.006666666666666599,BOLTON ESSENTIAL MU,REEBOK BOLTON,53,0.053,1.1,1.09,NA,NA,NA
REEBOK BOLTON,TIP,1.42,R78,R,1.05,-0.3699999999999999,BOLTON ESSENTIAL MU,REEBOK BOLTON,53,0.053,1.1,1.09,NA,NA,NA
REEBOK BOLTON,TIP,1.42,R79,R,NA,NA,BOLTON ESSENTIAL MU,REEBOK BOLTON,53,0.053,1.1,1.09,NA,NA,NA
REEBOK ENDLESS RUN,BALL,1.9075,L01,L,1.7233333333333334,-0.1841666666666666,REEBOK ENDLESS ROAD D,REEBOK ENDLESS RUN,72.4,0.0724,1.1,1.12,NA,NA,NA
REEBOK ENDLESS RUN,BALL,1.9075,L02,L,1.8066666666666666,-0.10083333333333333,REEBOK ENDLESS ROAD D,REEBOK ENDLESS RUN,72.4,0.0724,1.1,1.12,NA,NA,NA
REEBOK ENDLESS RUN,BALL,1.9075,L03,L,1.2266666666666666,-0.6808333333333334,REEBOK ENDLESS ROAD D,REEBOK ENDLESS RUN,72.4,0.0724,1.1,1.12,NA,NA,NA
REEBOK ENDLESS RUN,BALL,1.9075,L04,L,1.27,-0.6375,REEBOK ENDLESS ROAD D,REEBOK ENDLESS RUN,72.4,0.0724,1.1,1.12,NA,NA,NA
REEBOK ENDLESS RUN,BALL,1.9075,L05,L,1.0833333333333333,-0.8241666666666667,REEBOK ENDLESS ROAD D,REEBOK ENDLESS RUN,72.4,0.0724,1.1,1.12,NA,NA,NA
REEBOK ENDLESS RUN,BALL,1.9075,L11,L,1.4133333333333333,-0.49416666666666664,REEBOK ENDLESS ROAD D,REEBOK ENDLESS RUN,72.4,0.0724,1.1,1.12,NA,NA,NA
REEBOK ENDLESS RUN,BALL,1.9075,L12,L,1.1199999999999999,-0.7875000000000001,REEBOK ENDLESS ROAD D,REEBOK ENDLESS RUN,72.4,0.0724,1.1,1.12,NA,NA,NA
REEBOK ENDLESS RUN,BALL,1.9075,L51,L,1.8433333333333335,-0.06416666666666648,REEBOK ENDLESS ROAD D,REEBOK ENDLESS RUN,72.4,0.0724,1.1,1.12,NA,NA,NA
REEBOK ENDLESS RUN,BALL,1.9075,L52,L,1.3566666666666667,-0.5508333333333333,REEBOK ENDLESS ROAD D,REEBOK ENDLESS RUN,72.4,0.0724,1.1,1.12,NA,NA,NA
REEBOK ENDLESS RUN,BALL,1.9075,L53,L,1.3866666666666667,-0.5208333333333333,REEBOK ENDLESS ROAD D,REEBOK ENDLESS RUN,72.4,0.0724,1.1,1.12,NA,NA,NA
REEBOK ENDLESS RUN,BALL,1.9075,R01,R,1.6733333333333333,-0.23416666666666663,REEBOK ENDLESS ROAD D,REEBOK ENDLESS RUN,72.4,0.0724,1.1,1.12,NA,NA,NA
REEBOK ENDLESS RUN,BALL,1.9075,R02,R,1.74,-0.16749999999999998,REEBOK ENDLESS ROAD D,REEBOK ENDLESS RUN,72.4,0.0724,1.1,1.12,NA,NA,NA
REEBOK ENDLESS RUN,BALL,1.9075,R03,R,1.17,-0.7375,REEBOK ENDLESS ROAD D,REEBOK ENDLESS RUN,72.4,0.0724,1.1,1.12,NA,NA,NA
REEBOK ENDLESS RUN,BALL,1.9075,R04,R,1.1066666666666667,-0.8008333333333333,REEBOK ENDLESS ROAD D,REEBOK ENDLESS RUN,72.4,0.0724,1.1,1.12,NA,NA,NA
REEBOK ENDLESS RUN,BALL,1.9075,R05,R,0.8833333333333333,-1.0241666666666667,REEBOK ENDLESS ROAD D,REEBOK ENDLESS RUN,72.4,0.0724,1.1,1.12,NA,NA,NA
REEBOK ENDLESS RUN,BALL,1.9075,R11,R,1.08,-0.8274999999999999,REEBOK ENDLESS ROAD D,REEBOK ENDLESS RUN,72.4,0.0724,1.1,1.12,NA,NA,NA
REEBOK ENDLESS RUN,BALL,1.9075,R12,R,1.1866666666666668,-0.7208333333333332,REEBOK ENDLESS ROAD D,REEBOK ENDLESS RUN,72.4,0.0724,1.1,1.12,NA,NA,NA
REEBOK ENDLESS RUN,BALL,1.9075,R51,R,1.9033333333333333,-0.004166666666666652,REEBOK ENDLESS ROAD D,REEBOK ENDLESS RUN,72.4,0.0724,1.1,1.12,NA,NA,NA
REEBOK ENDLESS RUN,BALL,1.9075,R52,R,1.3666666666666667,-0.5408333333333333,REEBOK ENDLESS ROAD D,REEBOK ENDLESS RUN,72.4,0.0724,1.1,1.12,NA,NA,NA
REEBOK ENDLESS RUN,BALL,1.9075,R53,R,1.4933333333333334,-0.41416666666666657,REEBOK ENDLESS ROAD D,REEBOK ENDLESS RUN,72.4,0.0724,1.1,1.12,NA,NA,NA
REEBOK ENDLESS RUN,HEEL,1.9733333333333334,L01,L,1.8166666666666667,-0.15666666666666673,REEBOK ENDLESS ROAD D,REEBOK ENDLESS RUN,72.4,0.0724,1.1,1.12,NA,NA,NA
REEBOK ENDLESS RUN,HEEL,1.9733333333333334,L02,L,1.81,-0.16333333333333333,REEBOK ENDLESS ROAD D,REEBOK ENDLESS RUN,72.4,0.0724,1.1,1.12,NA,NA,NA
REEBOK ENDLESS RUN,HEEL,1.9733333333333334,L03,L,1.4633333333333334,-0.51,REEBOK ENDLESS ROAD D,REEBOK ENDLESS RUN,72.4,0.0724,1.1,1.12,NA,NA,NA
REEBOK ENDLESS RUN,HEEL,1.9733333333333334,L04,L,1.5433333333333334,-0.42999999999999994,REEBOK ENDLESS ROAD D,REEBOK ENDLESS RUN,72.4,0.0724,1.1,1.12,NA,NA,NA
REEBOK ENDLESS RUN,HEEL,1.9733333333333334,L05,L,1.5133333333333334,-0.45999999999999996,REEBOK ENDLESS ROAD D,REEBOK ENDLESS RUN,72.4,0.0724,1.1,1.12,NA,NA,NA
REEBOK ENDLESS RUN,HEEL,1.9733333333333334,L11,L,1.54,-0.43333333333333335,REEBOK ENDLESS ROAD D,REEBOK ENDLESS RUN,72.4,0.0724,1.1,1.12,NA,NA,NA
REEBOK ENDLESS RUN,HEEL,1.9733333333333334,L12,L,1.48,-0.4933333333333334,REEBOK ENDLESS ROAD D,REEBOK ENDLESS RUN,72.4,0.0724,1.1,1.12,NA,NA,NA
REEBOK ENDLESS RUN,HEEL,1.9733333333333334,L51,L,1.97,-0.0033333333333334103,REEBOK ENDLESS ROAD D,REEBOK ENDLESS RUN,72.4,0.0724,1.1,1.12,NA,NA,NA
REEBOK ENDLESS RUN,HEEL,1.9733333333333334,L52,L,1.6033333333333333,-0.3700000000000001,REEBOK ENDLESS ROAD D,REEBOK ENDLESS RUN,72.4,0.0724,1.1,1.12,NA,NA,NA
REEBOK ENDLESS RUN,HEEL,1.9733333333333334,L53,L,1.6133333333333333,-0.3600000000000001,REEBOK ENDLESS ROAD D,REEBOK ENDLESS RUN,72.4,0.0724,1.1,1.12,NA,NA,NA
REEBOK ENDLESS RUN,HEEL,1.9733333333333334,R01,R,1.9533333333333331,-0.02000000000000024,REEBOK ENDLESS ROAD D,REEBOK ENDLESS RUN,72.4,0.0724,1.1,1.12,NA,NA,NA
REEBOK ENDLESS RUN,HEEL,1.9733333333333334,R02,R,1.8633333333333333,-0.1100000000000001,REEBOK ENDLESS ROAD D,REEBOK ENDLESS RUN,72.4,0.0724,1.1,1.12,NA,NA,NA
REEBOK ENDLESS RUN,HEEL,1.9733333333333334,R03,R,1.54,-0.43333333333333335,REEBOK ENDLESS ROAD D,REEBOK ENDLESS RUN,72.4,0.0724,1.1,1.12,NA,NA,NA
REEBOK ENDLESS RUN,HEEL,1.9733333333333334,R04,R,1.5666666666666667,-0.40666666666666673,REEBOK ENDLESS ROAD D,REEBOK ENDLESS RUN,72.4,0.0724,1.1,1.12,NA,NA,NA
REEBOK ENDLESS RUN,HEEL,1.9733333333333334,R05,R,1.6533333333333333,-0.32000000000000006,REEBOK ENDLESS ROAD D,REEBOK ENDLESS RUN,72.4,0.0724,1.1,1.12,NA,NA,NA
REEBOK ENDLESS RUN,HEEL,1.9733333333333334,R11,R,1.5633333333333335,-0.4099999999999999,REEBOK ENDLESS ROAD D,REEBOK ENDLESS RUN,72.4,0.0724,1.1,1.12,NA,NA,NA
REEBOK ENDLESS RUN,HEEL,1.9733333333333334,R12,R,1.3866666666666667,-0.5866666666666667,REEBOK ENDLESS ROAD D,REEBOK ENDLESS RUN,72.4,0.0724,1.1,1.12,NA,NA,NA
REEBOK ENDLESS RUN,HEEL,1.9733333333333334,R51,R,1.9366666666666665,-0.03666666666666685,REEBOK ENDLESS ROAD D,REEBOK ENDLESS RUN,72.4,0.0724,1.1,1.12,NA,NA,NA
REEBOK ENDLESS RUN,HEEL,1.9733333333333334,R52,R,1.7933333333333334,-0.17999999999999994,REEBOK ENDLESS ROAD D,REEBOK ENDLESS RUN,72.4,0.0724,1.1,1.12,NA,NA,NA
REEBOK ENDLESS RUN,HEEL,1.9733333333333334,R53,R,1.5133333333333334,-0.45999999999999996,REEBOK ENDLESS ROAD D,REEBOK ENDLESS RUN,72.4,0.0724,1.1,1.12,NA,NA,NA
REEBOK ENDLESS RUN,OUTER_ARCH,2.2158333333333333,L01,L,1.9666666666666666,-0.24916666666666676,REEBOK ENDLESS ROAD D,REEBOK ENDLESS RUN,72.4,0.0724,1.1,1.12,NA,NA,NA
REEBOK ENDLESS RUN,OUTER_ARCH,2.2158333333333333,L02,L,2.003333333333333,-0.21250000000000036,REEBOK ENDLESS ROAD D,REEBOK ENDLESS RUN,72.4,0.0724,1.1,1.12,NA,NA,NA
REEBOK ENDLESS RUN,OUTER_ARCH,2.2158333333333333,L03,L,1.8933333333333333,-0.3225,REEBOK ENDLESS ROAD D,REEBOK ENDLESS RUN,72.4,0.0724,1.1,1.12,NA,NA,NA
REEBOK ENDLESS RUN,OUTER_ARCH,2.2158333333333333,L04,L,1.8633333333333333,-0.35250000000000004,REEBOK ENDLESS ROAD D,REEBOK ENDLESS RUN,72.4,0.0724,1.1,1.12,NA,NA,NA
REEBOK ENDLESS RUN,OUTER_ARCH,2.2158333333333333,L05,L,1.87,-0.3458333333333332,REEBOK ENDLESS ROAD D,REEBOK ENDLESS RUN,72.4,0.0724,1.1,1.12,NA,NA,NA
REEBOK ENDLESS RUN,OUTER_ARCH,2.2158333333333333,L11,L,1.8366666666666667,-0.37916666666666665,REEBOK ENDLESS ROAD D,REEBOK ENDLESS RUN,72.4,0.0724,1.1,1.12,NA,NA,NA
REEBOK ENDLESS RUN,OUTER_ARCH,2.2158333333333333,L12,L,1.8866666666666665,-0.32916666666666683,REEBOK ENDLESS ROAD D,REEBOK ENDLESS RUN,72.4,0.0724,1.1,1.12,NA,NA,NA
REEBOK ENDLESS RUN,OUTER_ARCH,2.2158333333333333,L51,L,2.25,0.03416666666666668,REEBOK ENDLESS ROAD D,REEBOK ENDLESS RUN,72.4,0.0724,1.1,1.12,NA,NA,NA
REEBOK ENDLESS RUN,OUTER_ARCH,2.2158333333333333,L52,L,1.92,-0.2958333333333334,REEBOK ENDLESS ROAD D,REEBOK ENDLESS RUN,72.4,0.0724,1.1,1.12,NA,NA,NA
REEBOK ENDLESS RUN,OUTER_ARCH,2.2158333333333333,L53,L,2.07,-0.14583333333333348,REEBOK ENDLESS ROAD D,REEBOK ENDLESS RUN,72.4,0.0724,1.1,1.12,NA,NA,NA
REEBOK ENDLESS RUN,OUTER_ARCH,2.2158333333333333,R01,R,2.1366666666666667,-0.07916666666666661,REEBOK ENDLESS ROAD D,REEBOK ENDLESS RUN,72.4,0.0724,1.1,1.12,NA,NA,NA
REEBOK ENDLESS RUN,OUTER_ARCH,2.2158333333333333,R02,R,2.4233333333333333,0.20750000000000002,REEBOK ENDLESS ROAD D,REEBOK ENDLESS RUN,72.4,0.0724,1.1,1.12,NA,NA,NA
REEBOK ENDLESS RUN,OUTER_ARCH,2.2158333333333333,R03,R,2.1366666666666667,-0.07916666666666661,REEBOK ENDLESS ROAD D,REEBOK ENDLESS RUN,72.4,0.0724,1.1,1.12,NA,NA,NA
REEBOK ENDLESS RUN,OUTER_ARCH,2.2158333333333333,R04,R,2.006666666666667,-0.2091666666666665,REEBOK ENDLESS ROAD D,REEBOK ENDLESS RUN,72.4,0.0724,1.1,1.12,NA,NA,NA
REEBOK ENDLESS RUN,OUTER_ARCH,2.2158333333333333,R05,R,2.1266666666666665,-0.08916666666666684,REEBOK ENDLESS ROAD D,REEBOK ENDLESS RUN,72.4,0.0724,1.1,1.12,NA,NA,NA
REEBOK ENDLESS RUN,OUTER_ARCH,2.2158333333333333,R11,R,1.7866666666666666,-0.4291666666666667,REEBOK ENDLESS ROAD D,REEBOK ENDLESS RUN,72.4,0.0724,1.1,1.12,NA,NA,NA
REEBOK ENDLESS RUN,OUTER_ARCH,2.2158333333333333,R12,R,2.006666666666667,-0.2091666666666665,REEBOK ENDLESS ROAD D,REEBOK ENDLESS RUN,72.4,0.0724,1.1,1.12,NA,NA,NA
REEBOK ENDLESS RUN,OUTER_ARCH,2.2158333333333333,R51,R,2.243333333333333,0.027499999999999858,REEBOK ENDLESS ROAD D,REEBOK ENDLESS RUN,72.4,0.0724,1.1,1.12,NA,NA,NA
REEBOK ENDLESS RUN,OUTER_ARCH,2.2158333333333333,R52,R,1.9633333333333334,-0.25249999999999995,REEBOK ENDLESS ROAD D,REEBOK ENDLESS RUN,72.4,0.0724,1.1,1.12,NA,NA,NA
REEBOK ENDLESS RUN,OUTER_ARCH,2.2158333333333333,R53,R,2.03,-0.18583333333333352,REEBOK ENDLESS ROAD D,REEBOK ENDLESS RUN,72.4,0.0724,1.1,1.12,NA,NA,NA
REEBOK ENDLESS RUN,TIP,1.93,L01,L,1.7366666666666666,-0.19333333333333336,REEBOK ENDLESS ROAD D,REEBOK ENDLESS RUN,72.4,0.0724,1.1,1.12,NA,NA,NA
REEBOK ENDLESS RUN,TIP,1.93,L02,L,1.6266666666666667,-0.30333333333333323,REEBOK ENDLESS ROAD D,REEBOK ENDLESS RUN,72.4,0.0724,1.1,1.12,NA,NA,NA
REEBOK ENDLESS RUN,TIP,1.93,L03,L,1.6400000000000001,-0.2899999999999998,REEBOK ENDLESS ROAD D,REEBOK ENDLESS RUN,72.4,0.0724,1.1,1.12,NA,NA,NA
REEBOK ENDLESS RUN,TIP,1.93,L04,L,1.6566666666666667,-0.2733333333333332,REEBOK ENDLESS ROAD D,REEBOK ENDLESS RUN,72.4,0.0724,1.1,1.12,NA,NA,NA
REEBOK ENDLESS RUN,TIP,1.93,L05,L,1.26,-0.6699999999999999,REEBOK ENDLESS ROAD D,REEBOK ENDLESS RUN,72.4,0.0724,1.1,1.12,NA,NA,NA
REEBOK ENDLESS RUN,TIP,1.93,L11,L,1.49,-0.43999999999999995,REEBOK ENDLESS ROAD D,REEBOK ENDLESS RUN,72.4,0.0724,1.1,1.12,NA,NA,NA
REEBOK ENDLESS RUN,TIP,1.93,L12,L,1.3666666666666667,-0.5633333333333332,REEBOK ENDLESS ROAD D,REEBOK ENDLESS RUN,72.4,0.0724,1.1,1.12,NA,NA,NA
REEBOK ENDLESS RUN,TIP,1.93,L51,L,2.05,0.11999999999999988,REEBOK ENDLESS ROAD D,REEBOK ENDLESS RUN,72.4,0.0724,1.1,1.12,NA,NA,NA
REEBOK ENDLESS RUN,TIP,1.93,L52,L,1.5533333333333335,-0.3766666666666665,REEBOK ENDLESS ROAD D,REEBOK ENDLESS RUN,72.4,0.0724,1.1,1.12,NA,NA,NA
REEBOK ENDLESS RUN,TIP,1.93,L53,L,1.7133333333333334,-0.21666666666666656,REEBOK ENDLESS ROAD D,REEBOK ENDLESS RUN,72.4,0.0724,1.1,1.12,NA,NA,NA
REEBOK ENDLESS RUN,TIP,1.93,R01,R,1.3833333333333333,-0.5466666666666666,REEBOK ENDLESS ROAD D,REEBOK ENDLESS RUN,72.4,0.0724,1.1,1.12,NA,NA,NA
REEBOK ENDLESS RUN,TIP,1.93,R02,R,1.8166666666666667,-0.11333333333333329,REEBOK ENDLESS ROAD D,REEBOK ENDLESS RUN,72.4,0.0724,1.1,1.12,NA,NA,NA
REEBOK ENDLESS RUN,TIP,1.93,R03,R,1.56,-0.3699999999999999,REEBOK ENDLESS ROAD D,REEBOK ENDLESS RUN,72.4,0.0724,1.1,1.12,NA,NA,NA
REEBOK ENDLESS RUN,TIP,1.93,R04,R,1.5533333333333335,-0.3766666666666665,REEBOK ENDLESS ROAD D,REEBOK ENDLESS RUN,72.4,0.0724,1.1,1.12,NA,NA,NA
REEBOK ENDLESS RUN,TIP,1.93,R05,R,1.64,-0.29000000000000004,REEBOK ENDLESS ROAD D,REEBOK ENDLESS RUN,72.4,0.0724,1.1,1.12,NA,NA,NA
REEBOK ENDLESS RUN,TIP,1.93,R11,R,1.4033333333333333,-0.5266666666666666,REEBOK ENDLESS ROAD D,REEBOK ENDLESS RUN,72.4,0.0724,1.1,1.12,NA,NA,NA
REEBOK ENDLESS RUN,TIP,1.93,R12,R,1.41,-0.52,REEBOK ENDLESS ROAD D,REEBOK ENDLESS RUN,72.4,0.0724,1.1,1.12,NA,NA,NA
REEBOK ENDLESS RUN,TIP,1.93,R51,R,1.83,-0.09999999999999987,REEBOK ENDLESS ROAD D,REEBOK ENDLESS RUN,72.4,0.0724,1.1,1.12,NA,NA,NA
REEBOK ENDLESS RUN,TIP,1.93,R52,R,1.4633333333333334,-0.46666666666666656,REEBOK ENDLESS ROAD D,REEBOK ENDLESS RUN,72.4,0.0724,1.1,1.12,NA,NA,NA
REEBOK ENDLESS RUN,TIP,1.93,R53,R,1.8133333333333332,-0.1166666666666667,REEBOK ENDLESS ROAD D,REEBOK ENDLESS RUN,72.4,0.0724,1.1,1.12,NA,NA,NA
ULTRA BOOST STELLA,BALL,1.7283333333333333,L34,L,0.8300000000000001,-0.8983333333333332,ULTRABOOST S.,ULTRA BOOST STELLA,184,0.184,1.15,1.12,64.9,NA,-6.529805333333334
ULTRA BOOST STELLA,BALL,1.7283333333333333,L36,L,1.5333333333333334,-0.19499999999999984,ULTRABOOST S.,ULTRA BOOST STELLA,184,0.184,1.15,1.12,64.9,NA,-1.4174159999999993
ULTRA BOOST STELLA,BALL,1.7283333333333333,L37,L,1.76,0.03166666666666673,ULTRABOOST S.,ULTRA BOOST STELLA,184,0.184,1.15,1.12,64.9,NA,0.2301786666666672
ULTRA BOOST STELLA,BALL,1.7283333333333333,L38,L,1.6833333333333333,-0.04499999999999993,ULTRABOOST S.,ULTRA BOOST STELLA,184,0.184,1.15,1.12,64.9,NA,-0.32709599999999955
ULTRA BOOST STELLA,BALL,1.7283333333333333,R34,R,1.24,-0.4883333333333333,ULTRABOOST S.,ULTRA BOOST STELLA,184,0.184,1.15,1.12,64.9,NA,-3.5495973333333337
ULTRA BOOST STELLA,BALL,1.7283333333333333,R36,R,1.47,-0.2583333333333333,ULTRABOOST S.,ULTRA BOOST STELLA,184,0.184,1.15,1.12,64.9,NA,-1.8777733333333335
ULTRA BOOST STELLA,BALL,1.7283333333333333,R37,R,1.7466666666666666,0.018333333333333313,ULTRABOOST S.,ULTRA BOOST STELLA,184,0.184,1.15,1.12,64.9,NA,0.13326133333333323
ULTRA BOOST STELLA,BALL,1.7283333333333333,R38,R,1.7366666666666666,0.008333333333333304,ULTRABOOST S.,ULTRA BOOST STELLA,184,0.184,1.15,1.12,64.9,NA,0.06057333333333313
ULTRA BOOST STELLA,HEEL,1.51,L34,L,0.8933333333333333,-0.6166666666666667,ULTRABOOST S.,ULTRA BOOST STELLA,184,0.184,1.15,1.12,64.9,NA,-4.482426666666668
ULTRA BOOST STELLA,HEEL,1.51,L36,L,1.59,0.08000000000000007,ULTRABOOST S.,ULTRA BOOST STELLA,184,0.184,1.15,1.12,64.9,NA,0.5815040000000007
ULTRA BOOST STELLA,HEEL,1.51,L37,L,1.4266666666666667,-0.08333333333333326,ULTRABOOST S.,ULTRA BOOST STELLA,184,0.184,1.15,1.12,64.9,NA,-0.605733333333333
ULTRA BOOST STELLA,HEEL,1.51,L38,L,1.5033333333333334,-0.006666666666666599,ULTRABOOST S.,ULTRA BOOST STELLA,184,0.184,1.15,1.12,64.9,NA,-0.048458666666666185
ULTRA BOOST STELLA,HEEL,1.51,R34,R,1.2866666666666666,-0.22333333333333338,ULTRABOOST S.,ULTRA BOOST STELLA,184,0.184,1.15,1.12,64.9,NA,-1.623365333333334
ULTRA BOOST STELLA,HEEL,1.51,R36,R,1.4833333333333334,-0.026666666666666616,ULTRABOOST S.,ULTRA BOOST STELLA,184,0.184,1.15,1.12,64.9,NA,-0.19383466666666635
ULTRA BOOST STELLA,HEEL,1.51,R37,R,1.4966666666666666,-0.01333333333333342,ULTRABOOST S.,ULTRA BOOST STELLA,184,0.184,1.15,1.12,64.9,NA,-0.09691733333333397
ULTRA BOOST STELLA,HEEL,1.51,R38,R,1.55,0.040000000000000036,ULTRABOOST S.,ULTRA BOOST STELLA,184,0.184,1.15,1.12,64.9,NA,0.29075200000000034
ULTRA BOOST STELLA,OUTER_ARCH,1.6833333333333333,L34,L,1.5966666666666667,-0.08666666666666667,ULTRABOOST S.,ULTRA BOOST STELLA,184,0.184,1.15,1.12,64.9,NA,-0.6299626666666669
ULTRA BOOST STELLA,OUTER_ARCH,1.6833333333333333,L36,L,1.7633333333333334,0.08000000000000007,ULTRABOOST S.,ULTRA BOOST STELLA,184,0.184,1.15,1.12,64.9,NA,0.5815040000000007
ULTRA BOOST STELLA,OUTER_ARCH,1.6833333333333333,L37,L,1.81,0.1266666666666667,ULTRABOOST S.,ULTRA BOOST STELLA,184,0.184,1.15,1.12,64.9,NA,0.9207146666666672
ULTRA BOOST STELLA,OUTER_ARCH,1.6833333333333333,L38,L,1.9,0.21666666666666656,ULTRABOOST S.,ULTRA BOOST STELLA,184,0.184,1.15,1.12,64.9,NA,1.5749066666666662
ULTRA BOOST STELLA,OUTER_ARCH,1.6833333333333333,R34,R,1.6633333333333333,-0.020000000000000018,ULTRABOOST S.,ULTRA BOOST STELLA,184,0.184,1.15,1.12,64.9,NA,-0.14537600000000017
ULTRA BOOST STELLA,OUTER_ARCH,1.6833333333333333,R36,R,1.7566666666666666,0.07333333333333325,ULTRABOOST S.,ULTRA BOOST STELLA,184,0.184,1.15,1.12,64.9,NA,0.5330453333333329
ULTRA BOOST STELLA,OUTER_ARCH,1.6833333333333333,R37,R,1.8766666666666667,0.19333333333333336,ULTRABOOST S.,ULTRA BOOST STELLA,184,0.184,1.15,1.12,64.9,NA,1.405301333333334
ULTRA BOOST STELLA,OUTER_ARCH,1.6833333333333333,R38,R,1.8366666666666667,0.15333333333333332,ULTRABOOST S.,ULTRA BOOST STELLA,184,0.184,1.15,1.12,64.9,NA,1.1145493333333336
ULTRA BOOST STELLA,TIP,1.51,L34,L,1.1566666666666667,-0.3533333333333333,ULTRABOOST S.,ULTRA BOOST STELLA,184,0.184,1.15,1.12,64.9,NA,-2.568309333333333
ULTRA BOOST STELLA,TIP,1.51,L36,L,1.28,-0.22999999999999998,ULTRABOOST S.,ULTRA BOOST STELLA,184,0.184,1.15,1.12,64.9,NA,-1.6718240000000002
ULTRA BOOST STELLA,TIP,1.51,L37,L,1.5766666666666667,0.06666666666666665,ULTRABOOST S.,ULTRA BOOST STELLA,184,0.184,1.15,1.12,64.9,NA,0.48458666666666667
ULTRA BOOST STELLA,TIP,1.51,L38,L,1.65,0.1399999999999999,ULTRABOOST S.,ULTRA BOOST STELLA,184,0.184,1.15,1.12,64.9,NA,1.0176319999999996
ULTRA BOOST STELLA,TIP,1.51,R34,R,1.5966666666666667,0.08666666666666667,ULTRABOOST S.,ULTRA BOOST STELLA,184,0.184,1.15,1.12,64.9,NA,0.6299626666666669
ULTRA BOOST STELLA,TIP,1.51,R36,R,1.4233333333333333,-0.08666666666666667,ULTRABOOST S.,ULTRA BOOST STELLA,184,0.184,1.15,1.12,64.9,NA,-0.6299626666666669
ULTRA BOOST STELLA,TIP,1.51,R37,R,1.5566666666666666,0.046666666666666634,ULTRABOOST S.,ULTRA BOOST STELLA,184,0.184,1.15,1.12,64.9,NA,0.3392106666666665
ULTRA BOOST STELLA,TIP,1.51,R38,R,1.4066666666666667,-0.10333333333333328,ULTRABOOST S.,ULTRA BOOST STELLA,184,0.184,1.15,1.12,64.9,NA,-0.7511093333333331
ADIDAS ULTRABOOST PARLEY,NA,NA,NA,NA,NA,NA,ULTRABOOST PARLEY,ADIDAS ULTRABOOST PARLEY,58,0.058,1.1,1.12,58.7593,(+/- 1E-06),NA
